class,count,max_conf,model,patch_area,person_dets,shape,texture,total
person,7,0.749,YOLOv3,11.593356728553772,7,circle_r80,k167_d,7
person,5,0.445,YOLOv3,11.593356728553772,5,circle_r80,k208_d,5
person,6,0.546,YOLOv3,11.593356728553772,6,circle_r80,k196_d,6
person,7,0.865,YOLOv3,11.593356728553772,7,circle_r80,rgb_167_208_196,7
person,6,0.745,YOLOv3,11.593356728553772,6,circle_r80,rgb_167_196_208,6
person,7,0.861,YOLOv3,11.593356728553772,7,circle_r80,rgb_208_167_196,7
person,7,0.882,YOLOv3,11.593356728553772,7,circle_r80,single_red_k167,7
person,7,0.921,YOLOv3,11.593356728553772,7,circle_r80,single_green_k167,7
person,7,0.912,YOLOv3,11.593356728553772,7,circle_r80,single_blue_k167,7
person,6,0.699,YOLOv3,11.593356728553772,6,circle_r80,lychrel_196,6
person,6,0.815,YOLOv3,11.593356728553772,6,circle_r80,lychrel_295,6
person,6,0.775,YOLOv3,11.593356728553772,6,circle_r80,lychrel_394,6
person,6,0.775,YOLOv3,11.593356728553772,6,circle_r80,lychrel_493,6
person,6,0.815,YOLOv3,11.593356728553772,6,circle_r80,lychrel_592,6
person,6,0.73,YOLOv3,11.593356728553772,6,circle_r80,lychrel_689,6
person,6,0.718,YOLOv3,11.593356728553772,6,circle_r80,lychrel_788,6
person,6,0.718,YOLOv3,11.593356728553772,6,circle_r80,lychrel_887,6
person,6,0.748,YOLOv3,11.593356728553772,6,circle_r80,lychrel_1997,6
person,6,0.695,YOLOv3,11.593356728553772,6,circle_r80,lychrel_2998,6
person,7,0.714,YOLOv3,11.593356728553772,7,circle_r80,stripes_h_13px,7
person,6,0.753,YOLOv3,11.593356728553772,6,circle_r80,stripes_d_13px,6
person,8,0.904,YOLOv3,11.593356728553772,8,circle_r80,stripes_h_32px,8
person,7,0.792,YOLOv3,11.593356728553772,7,circle_r80,stripes_v_13px,7
person,6,0.538,YOLOv3,11.593356728553772,6,circle_r80,composite_167_208,6
person,7,0.76,YOLOv3,11.593356728553772,7,circle_r80,composite_167_inv196,7
person,6,0.784,YOLOv3,11.593356728553772,6,circle_r80,random_noise,6
person,7,0.988,YOLOv3,11.593356728553772,7,circle_r80,uniform_gray,7
person,6,0.609,YOLOv3,7.622966170310974,6,triangle_r100,k167_d,6
person,4,0.418,YOLOv3,7.622966170310974,4,triangle_r100,k208_d,4
person,3,0.425,YOLOv3,7.622966170310974,3,triangle_r100,k196_d,3
person,4,0.458,YOLOv3,7.622966170310974,4,triangle_r100,rgb_167_208_196,4
person,6,0.615,YOLOv3,7.622966170310974,6,triangle_r100,rgb_167_196_208,6
person,5,0.52,YOLOv3,7.622966170310974,5,triangle_r100,rgb_208_167_196,5
person,8,0.7,YOLOv3,7.622966170310974,8,triangle_r100,single_red_k167,8
person,8,0.453,YOLOv3,7.622966170310974,8,triangle_r100,single_green_k167,8
person,8,0.677,YOLOv3,7.622966170310974,8,triangle_r100,single_blue_k167,8
person,3,0.429,YOLOv3,7.622966170310974,3,triangle_r100,lychrel_196,3
person,4,0.438,YOLOv3,7.622966170310974,4,triangle_r100,lychrel_295,4
person,3,0.436,YOLOv3,7.622966170310974,3,triangle_r100,lychrel_394,3
person,3,0.436,YOLOv3,7.622966170310974,3,triangle_r100,lychrel_493,3
person,4,0.438,YOLOv3,7.622966170310974,4,triangle_r100,lychrel_592,4
person,3,0.433,YOLOv3,7.622966170310974,3,triangle_r100,lychrel_689,3
person,3,0.432,YOLOv3,7.622966170310974,3,triangle_r100,lychrel_788,3
person,3,0.432,YOLOv3,7.622966170310974,3,triangle_r100,lychrel_887,3
person,3,0.429,YOLOv3,7.622966170310974,3,triangle_r100,lychrel_1997,3
person,3,0.43,YOLOv3,7.622966170310974,3,triangle_r100,lychrel_2998,3
person,6,0.453,YOLOv3,7.622966170310974,6,triangle_r100,stripes_h_13px,6
person,4,0.443,YOLOv3,7.622966170310974,4,triangle_r100,stripes_d_13px,4
person,10,0.493,YOLOv3,7.622966170310974,10,triangle_r100,stripes_h_32px,10
person,9,0.414,YOLOv3,7.622966170310974,9,triangle_r100,stripes_v_13px,9
person,3,0.436,YOLOv3,7.622966170310974,3,triangle_r100,composite_167_208,3
person,6,0.597,YOLOv3,7.622966170310974,6,triangle_r100,composite_167_inv196,6
person,8,0.522,YOLOv3,7.622966170310974,8,triangle_r100,random_noise,8
person,13,0.955,YOLOv3,7.622966170310974,13,triangle_r100,uniform_gray,13
person,11,0.781,YOLOv3,7.521265000104904,11,triangle_deformed,k167_d,11
person,3,0.422,YOLOv3,7.521265000104904,3,triangle_deformed,k208_d,3
person,5,0.437,YOLOv3,7.521265000104904,5,triangle_deformed,k196_d,5
person,9,0.804,YOLOv3,7.521265000104904,9,triangle_deformed,rgb_167_208_196,9
person,9,0.58,YOLOv3,7.521265000104904,9,triangle_deformed,rgb_167_196_208,9
person,10,0.756,YOLOv3,7.521265000104904,10,triangle_deformed,rgb_208_167_196,10
person,11,0.808,YOLOv3,7.521265000104904,11,triangle_deformed,single_red_k167,11
person,8,0.935,YOLOv3,7.521265000104904,8,triangle_deformed,single_green_k167,8
person,10,0.975,YOLOv3,7.521265000104904,10,triangle_deformed,single_blue_k167,10
person,8,0.915,YOLOv3,7.521265000104904,8,triangle_deformed,lychrel_196,8
person,9,0.752,YOLOv3,7.521265000104904,9,triangle_deformed,lychrel_295,9
person,10,0.836,YOLOv3,7.521265000104904,10,triangle_deformed,lychrel_394,10
person,10,0.836,YOLOv3,7.521265000104904,10,triangle_deformed,lychrel_493,10
person,9,0.752,YOLOv3,7.521265000104904,9,triangle_deformed,lychrel_592,9
person,8,0.916,YOLOv3,7.521265000104904,8,triangle_deformed,lychrel_689,8
person,9,0.946,YOLOv3,7.521265000104904,9,triangle_deformed,lychrel_788,9
person,9,0.946,YOLOv3,7.521265000104904,9,triangle_deformed,lychrel_887,9
person,8,0.892,YOLOv3,7.521265000104904,8,triangle_deformed,lychrel_1997,8
person,8,0.955,YOLOv3,7.521265000104904,8,triangle_deformed,lychrel_2998,8
person,8,0.945,YOLOv3,7.521265000104904,8,triangle_deformed,stripes_h_13px,8
person,9,0.889,YOLOv3,7.521265000104904,9,triangle_deformed,stripes_d_13px,9
person,8,0.947,YOLOv3,7.521265000104904,8,triangle_deformed,stripes_h_32px,8
person,8,0.974,YOLOv3,7.521265000104904,8,triangle_deformed,stripes_v_13px,8
person,6,0.447,YOLOv3,7.521265000104904,6,triangle_deformed,composite_167_208,6
person,11,0.778,YOLOv3,7.521265000104904,11,triangle_deformed,composite_167_inv196,11
person,9,0.981,YOLOv3,7.521265000104904,9,triangle_deformed,random_noise,9
person,7,0.985,YOLOv3,7.521265000104904,7,triangle_deformed,uniform_gray,7
person,10,0.754,YOLOv3,9.765046834945679,10,hexagon_r80,k167_d,10
person,4,0.418,YOLOv3,9.765046834945679,4,hexagon_r80,k208_d,4
person,7,0.419,YOLOv3,9.765046834945679,7,hexagon_r80,k196_d,7
person,8,0.911,YOLOv3,9.765046834945679,8,hexagon_r80,rgb_167_208_196,8
person,8,0.9,YOLOv3,9.765046834945679,8,hexagon_r80,rgb_167_196_208,8
person,9,0.928,YOLOv3,9.765046834945679,9,hexagon_r80,rgb_208_167_196,9
person,8,0.923,YOLOv3,9.765046834945679,8,hexagon_r80,single_red_k167,8
person,7,0.933,YOLOv3,9.765046834945679,7,hexagon_r80,single_green_k167,7
person,8,0.95,YOLOv3,9.765046834945679,8,hexagon_r80,single_blue_k167,8
person,7,0.886,YOLOv3,9.765046834945679,7,hexagon_r80,lychrel_196,7
person,7,0.914,YOLOv3,9.765046834945679,7,hexagon_r80,lychrel_295,7
person,7,0.897,YOLOv3,9.765046834945679,7,hexagon_r80,lychrel_394,7
person,7,0.897,YOLOv3,9.765046834945679,7,hexagon_r80,lychrel_493,7
person,7,0.914,YOLOv3,9.765046834945679,7,hexagon_r80,lychrel_592,7
person,7,0.892,YOLOv3,9.765046834945679,7,hexagon_r80,lychrel_689,7
person,7,0.916,YOLOv3,9.765046834945679,7,hexagon_r80,lychrel_788,7
person,7,0.916,YOLOv3,9.765046834945679,7,hexagon_r80,lychrel_887,7
person,7,0.902,YOLOv3,9.765046834945679,7,hexagon_r80,lychrel_1997,7
person,7,0.868,YOLOv3,9.765046834945679,7,hexagon_r80,lychrel_2998,7
person,9,0.839,YOLOv3,9.765046834945679,9,hexagon_r80,stripes_h_13px,9
person,7,0.927,YOLOv3,9.765046834945679,7,hexagon_r80,stripes_d_13px,7
person,10,0.966,YOLOv3,9.765046834945679,10,hexagon_r80,stripes_h_32px,10
person,7,0.906,YOLOv3,9.765046834945679,7,hexagon_r80,stripes_v_13px,7
person,7,0.778,YOLOv3,9.765046834945679,7,hexagon_r80,composite_167_208,7
person,10,0.756,YOLOv3,9.765046834945679,10,hexagon_r80,composite_167_inv196,10
person,7,0.917,YOLOv3,9.765046834945679,7,hexagon_r80,random_noise,7
person,10,0.992,YOLOv3,9.765046834945679,10,hexagon_r80,uniform_gray,10
person,10,0.88,YOLOv3,10.754900425672531,10,octagon_deformed,k167_d,10
person,6,0.467,YOLOv3,10.754900425672531,6,octagon_deformed,k208_d,6
person,9,0.922,YOLOv3,10.754900425672531,9,octagon_deformed,k196_d,9
person,8,0.968,YOLOv3,10.754900425672531,8,octagon_deformed,rgb_167_208_196,8
person,10,0.967,YOLOv3,10.754900425672531,10,octagon_deformed,rgb_167_196_208,10
person,10,0.967,YOLOv3,10.754900425672531,10,octagon_deformed,rgb_208_167_196,10
person,11,0.915,YOLOv3,10.754900425672531,11,octagon_deformed,single_red_k167,11
person,8,0.944,YOLOv3,10.754900425672531,8,octagon_deformed,single_green_k167,8
person,10,0.959,YOLOv3,10.754900425672531,10,octagon_deformed,single_blue_k167,10
person,8,0.93,YOLOv3,10.754900425672531,8,octagon_deformed,lychrel_196,8
person,7,0.929,YOLOv3,10.754900425672531,7,octagon_deformed,lychrel_295,7
person,8,0.919,YOLOv3,10.754900425672531,8,octagon_deformed,lychrel_394,8
person,8,0.919,YOLOv3,10.754900425672531,8,octagon_deformed,lychrel_493,8
person,7,0.929,YOLOv3,10.754900425672531,7,octagon_deformed,lychrel_592,7
person,8,0.946,YOLOv3,10.754900425672531,8,octagon_deformed,lychrel_689,8
person,8,0.93,YOLOv3,10.754900425672531,8,octagon_deformed,lychrel_788,8
person,8,0.93,YOLOv3,10.754900425672531,8,octagon_deformed,lychrel_887,8
person,8,0.918,YOLOv3,10.754900425672531,8,octagon_deformed,lychrel_1997,8
person,8,0.926,YOLOv3,10.754900425672531,8,octagon_deformed,lychrel_2998,8
person,8,0.84,YOLOv3,10.754900425672531,8,octagon_deformed,stripes_h_13px,8
person,8,0.955,YOLOv3,10.754900425672531,8,octagon_deformed,stripes_d_13px,8
person,10,0.996,YOLOv3,10.754900425672531,10,octagon_deformed,stripes_h_32px,10
person,9,0.895,YOLOv3,10.754900425672531,9,octagon_deformed,stripes_v_13px,9
person,8,0.928,YOLOv3,10.754900425672531,8,octagon_deformed,composite_167_208,8
person,10,0.88,YOLOv3,10.754900425672531,10,octagon_deformed,composite_167_inv196,10
person,7,0.928,YOLOv3,10.754900425672531,7,octagon_deformed,random_noise,7
person,12,0.993,YOLOv3,10.754900425672531,12,octagon_deformed,uniform_gray,12
person,9,0.999,YOLOv3,3.856554999947548,9,sierpinski_d3,k167_d,9
person,8,0.991,YOLOv3,3.856554999947548,8,sierpinski_d3,k208_d,8
person,10,0.998,YOLOv3,3.856554999947548,10,sierpinski_d3,k196_d,10
person,10,0.999,YOLOv3,3.856554999947548,10,sierpinski_d3,rgb_167_208_196,10
person,8,1.0,YOLOv3,3.856554999947548,8,sierpinski_d3,rgb_167_196_208,8
person,7,0.999,YOLOv3,3.856554999947548,7,sierpinski_d3,rgb_208_167_196,7
person,9,0.997,YOLOv3,3.856554999947548,9,sierpinski_d3,single_red_k167,9
person,8,0.998,YOLOv3,3.856554999947548,8,sierpinski_d3,single_green_k167,8
person,8,0.998,YOLOv3,3.856554999947548,8,sierpinski_d3,single_blue_k167,8
person,11,0.999,YOLOv3,3.856554999947548,11,sierpinski_d3,lychrel_196,11
person,9,1.0,YOLOv3,3.856554999947548,9,sierpinski_d3,lychrel_295,9
person,11,1.0,YOLOv3,3.856554999947548,11,sierpinski_d3,lychrel_394,11
person,11,1.0,YOLOv3,3.856554999947548,11,sierpinski_d3,lychrel_493,11
person,9,1.0,YOLOv3,3.856554999947548,9,sierpinski_d3,lychrel_592,9
person,11,1.0,YOLOv3,3.856554999947548,11,sierpinski_d3,lychrel_689,11
person,10,1.0,YOLOv3,3.856554999947548,10,sierpinski_d3,lychrel_788,10
person,10,1.0,YOLOv3,3.856554999947548,10,sierpinski_d3,lychrel_887,10
person,10,1.0,YOLOv3,3.856554999947548,10,sierpinski_d3,lychrel_1997,10
person,9,0.999,YOLOv3,3.856554999947548,9,sierpinski_d3,lychrel_2998,9
person,8,0.889,YOLOv3,3.856554999947548,8,sierpinski_d3,stripes_h_13px,8
person,7,0.996,YOLOv3,3.856554999947548,7,sierpinski_d3,stripes_d_13px,7
person,6,0.91,YOLOv3,3.856554999947548,6,sierpinski_d3,stripes_h_32px,6
person,8,0.988,YOLOv3,3.856554999947548,8,sierpinski_d3,stripes_v_13px,8
person,8,0.999,YOLOv3,3.856554999947548,8,sierpinski_d3,composite_167_208,8
person,9,0.999,YOLOv3,3.856554999947548,9,sierpinski_d3,composite_167_inv196,9
person,8,0.999,YOLOv3,3.856554999947548,8,sierpinski_d3,random_noise,8
person,8,0.968,YOLOv3,3.856554999947548,8,sierpinski_d3,uniform_gray,8
person,8,1.0,YOLOv3,3.1625602394342422,8,sierpinski_d4,k167_d,8
person,8,0.999,YOLOv3,3.1625602394342422,8,sierpinski_d4,k208_d,8
person,10,1.0,YOLOv3,3.1625602394342422,10,sierpinski_d4,k196_d,10
person,9,1.0,YOLOv3,3.1625602394342422,9,sierpinski_d4,rgb_167_208_196,9
person,9,1.0,YOLOv3,3.1625602394342422,9,sierpinski_d4,rgb_167_196_208,9
person,9,1.0,YOLOv3,3.1625602394342422,9,sierpinski_d4,rgb_208_167_196,9
person,8,0.999,YOLOv3,3.1625602394342422,8,sierpinski_d4,single_red_k167,8
person,9,1.0,YOLOv3,3.1625602394342422,9,sierpinski_d4,single_green_k167,9
person,9,1.0,YOLOv3,3.1625602394342422,9,sierpinski_d4,single_blue_k167,9
person,10,1.0,YOLOv3,3.1625602394342422,10,sierpinski_d4,lychrel_196,10
person,9,1.0,YOLOv3,3.1625602394342422,9,sierpinski_d4,lychrel_295,9
person,10,1.0,YOLOv3,3.1625602394342422,10,sierpinski_d4,lychrel_394,10
person,10,1.0,YOLOv3,3.1625602394342422,10,sierpinski_d4,lychrel_493,10
person,9,1.0,YOLOv3,3.1625602394342422,9,sierpinski_d4,lychrel_592,9
person,9,1.0,YOLOv3,3.1625602394342422,9,sierpinski_d4,lychrel_689,9
person,9,1.0,YOLOv3,3.1625602394342422,9,sierpinski_d4,lychrel_788,9
person,9,1.0,YOLOv3,3.1625602394342422,9,sierpinski_d4,lychrel_887,9
person,9,1.0,YOLOv3,3.1625602394342422,9,sierpinski_d4,lychrel_1997,9
person,11,1.0,YOLOv3,3.1625602394342422,11,sierpinski_d4,lychrel_2998,11
person,17,0.997,YOLOv3,3.1625602394342422,17,sierpinski_d4,stripes_h_13px,17
person,10,0.998,YOLOv3,3.1625602394342422,10,sierpinski_d4,stripes_d_13px,10
person,11,0.997,YOLOv3,3.1625602394342422,11,sierpinski_d4,stripes_h_32px,11
person,12,0.995,YOLOv3,3.1625602394342422,12,sierpinski_d4,stripes_v_13px,12
person,9,1.0,YOLOv3,3.1625602394342422,9,sierpinski_d4,composite_167_208,9
person,8,1.0,YOLOv3,3.1625602394342422,8,sierpinski_d4,composite_167_inv196,8
person,8,1.0,YOLOv3,3.1625602394342422,8,sierpinski_d4,random_noise,8
person,14,0.951,YOLOv3,3.1625602394342422,14,sierpinski_d4,uniform_gray,14
person,10,0.983,YOLOv3,8.203125,10,nested_tri_5,k167_d,10
person,10,0.927,YOLOv3,8.203125,10,nested_tri_5,k208_d,10
person,10,0.916,YOLOv3,8.203125,10,nested_tri_5,k196_d,10
person,10,0.887,YOLOv3,8.203125,10,nested_tri_5,rgb_167_208_196,10
person,9,0.871,YOLOv3,8.203125,9,nested_tri_5,rgb_167_196_208,9
person,9,0.943,YOLOv3,8.203125,9,nested_tri_5,rgb_208_167_196,9
person,8,0.962,YOLOv3,8.203125,8,nested_tri_5,single_red_k167,8
person,8,0.848,YOLOv3,8.203125,8,nested_tri_5,single_green_k167,8
person,9,0.978,YOLOv3,8.203125,9,nested_tri_5,single_blue_k167,9
person,9,0.919,YOLOv3,8.203125,9,nested_tri_5,lychrel_196,9
person,7,0.934,YOLOv3,8.203125,7,nested_tri_5,lychrel_295,7
person,7,0.922,YOLOv3,8.203125,7,nested_tri_5,lychrel_394,7
person,7,0.922,YOLOv3,8.203125,7,nested_tri_5,lychrel_493,7
person,7,0.934,YOLOv3,8.203125,7,nested_tri_5,lychrel_592,7
person,7,0.919,YOLOv3,8.203125,7,nested_tri_5,lychrel_689,7
person,7,0.911,YOLOv3,8.203125,7,nested_tri_5,lychrel_788,7
person,7,0.911,YOLOv3,8.203125,7,nested_tri_5,lychrel_887,7
person,7,0.961,YOLOv3,8.203125,7,nested_tri_5,lychrel_1997,7
person,7,0.9,YOLOv3,8.203125,7,nested_tri_5,lychrel_2998,7
person,8,0.91,YOLOv3,8.203125,8,nested_tri_5,stripes_h_13px,8
person,7,0.936,YOLOv3,8.203125,7,nested_tri_5,stripes_d_13px,7
person,7,0.755,YOLOv3,8.203125,7,nested_tri_5,stripes_h_32px,7
person,9,0.993,YOLOv3,8.203125,9,nested_tri_5,stripes_v_13px,9
person,8,0.848,YOLOv3,8.203125,8,nested_tri_5,composite_167_208,8
person,10,0.983,YOLOv3,8.203125,10,nested_tri_5,composite_167_inv196,10
person,8,0.819,YOLOv3,8.203125,8,nested_tri_5,random_noise,8
person,9,0.991,YOLOv3,8.203125,9,nested_tri_5,uniform_gray,9
person,15,0.999,YOLOv3,2.749399095773697,15,triangle_small_r60,k167_d,15
person,13,0.996,YOLOv3,2.749399095773697,13,triangle_small_r60,k208_d,13
person,14,0.998,YOLOv3,2.749399095773697,14,triangle_small_r60,k196_d,14
person,13,0.999,YOLOv3,2.749399095773697,13,triangle_small_r60,rgb_167_208_196,13
person,14,0.999,YOLOv3,2.749399095773697,14,triangle_small_r60,rgb_167_196_208,14
person,14,0.999,YOLOv3,2.749399095773697,14,triangle_small_r60,rgb_208_167_196,14
person,14,0.999,YOLOv3,2.749399095773697,14,triangle_small_r60,single_red_k167,14
person,11,0.998,YOLOv3,2.749399095773697,11,triangle_small_r60,single_green_k167,11
person,14,0.998,YOLOv3,2.749399095773697,14,triangle_small_r60,single_blue_k167,14
person,11,0.999,YOLOv3,2.749399095773697,11,triangle_small_r60,lychrel_196,11
person,14,0.999,YOLOv3,2.749399095773697,14,triangle_small_r60,lychrel_295,14
person,13,0.999,YOLOv3,2.749399095773697,13,triangle_small_r60,lychrel_394,13
person,13,0.999,YOLOv3,2.749399095773697,13,triangle_small_r60,lychrel_493,13
person,14,0.999,YOLOv3,2.749399095773697,14,triangle_small_r60,lychrel_592,14
person,11,0.999,YOLOv3,2.749399095773697,11,triangle_small_r60,lychrel_689,11
person,12,0.999,YOLOv3,2.749399095773697,12,triangle_small_r60,lychrel_788,12
person,12,0.999,YOLOv3,2.749399095773697,12,triangle_small_r60,lychrel_887,12
person,12,0.999,YOLOv3,2.749399095773697,12,triangle_small_r60,lychrel_1997,12
person,11,0.999,YOLOv3,2.749399095773697,11,triangle_small_r60,lychrel_2998,11
person,9,0.997,YOLOv3,2.749399095773697,9,triangle_small_r60,stripes_h_13px,9
person,11,0.999,YOLOv3,2.749399095773697,11,triangle_small_r60,stripes_d_13px,11
person,11,0.999,YOLOv3,2.749399095773697,11,triangle_small_r60,stripes_h_32px,11
person,10,0.992,YOLOv3,2.749399095773697,10,triangle_small_r60,stripes_v_13px,10
person,13,0.999,YOLOv3,2.749399095773697,13,triangle_small_r60,composite_167_208,13
person,15,0.999,YOLOv3,2.749399095773697,15,triangle_small_r60,composite_167_inv196,15
person,13,0.999,YOLOv3,2.749399095773697,13,triangle_small_r60,random_noise,13
person,11,0.998,YOLOv3,2.749399095773697,11,triangle_small_r60,uniform_gray,11
person,12,0.96,YOLOv3,16.265833377838135,12,deformed_r12_large,k167_d,12
person,12,0.94,YOLOv3,16.265833377838135,12,deformed_r12_large,k208_d,12
person,9,0.944,YOLOv3,16.265833377838135,9,deformed_r12_large,k196_d,9
person,8,0.836,YOLOv3,16.265833377838135,8,deformed_r12_large,rgb_167_208_196,8
person,7,0.741,YOLOv3,16.265833377838135,7,deformed_r12_large,rgb_167_196_208,7
person,10,0.91,YOLOv3,16.265833377838135,10,deformed_r12_large,rgb_208_167_196,10
person,11,0.931,YOLOv3,16.265833377838135,11,deformed_r12_large,single_red_k167,11
person,9,0.938,YOLOv3,16.265833377838135,9,deformed_r12_large,single_green_k167,9
person,9,0.962,YOLOv3,16.265833377838135,9,deformed_r12_large,single_blue_k167,9
person,8,0.73,YOLOv3,16.265833377838135,8,deformed_r12_large,lychrel_196,8
person,8,0.921,YOLOv3,16.265833377838135,8,deformed_r12_large,lychrel_295,8
person,7,0.799,YOLOv3,16.265833377838135,7,deformed_r12_large,lychrel_394,7
person,7,0.799,YOLOv3,16.265833377838135,7,deformed_r12_large,lychrel_493,7
person,8,0.921,YOLOv3,16.265833377838135,8,deformed_r12_large,lychrel_592,8
person,7,0.855,YOLOv3,16.265833377838135,7,deformed_r12_large,lychrel_689,7
person,7,0.901,YOLOv3,16.265833377838135,7,deformed_r12_large,lychrel_788,7
person,7,0.901,YOLOv3,16.265833377838135,7,deformed_r12_large,lychrel_887,7
person,7,0.89,YOLOv3,16.265833377838135,7,deformed_r12_large,lychrel_1997,7
person,7,0.951,YOLOv3,16.265833377838135,7,deformed_r12_large,lychrel_2998,7
person,7,0.786,YOLOv3,16.265833377838135,7,deformed_r12_large,stripes_h_13px,7
person,8,0.908,YOLOv3,16.265833377838135,8,deformed_r12_large,stripes_d_13px,8
person,11,0.994,YOLOv3,16.265833377838135,11,deformed_r12_large,stripes_h_32px,11
person,8,0.993,YOLOv3,16.265833377838135,8,deformed_r12_large,stripes_v_13px,8
person,7,0.63,YOLOv3,16.265833377838135,7,deformed_r12_large,composite_167_208,7
person,12,0.965,YOLOv3,16.265833377838135,12,deformed_r12_large,composite_167_inv196,12
person,10,0.732,YOLOv3,16.265833377838135,10,deformed_r12_large,random_noise,10
person,8,0.994,YOLOv3,16.265833377838135,8,deformed_r12_large,uniform_gray,8
person,1,0.421,YOLOv8,11.593356728553772,1,circle_r80,k167_d,2
umbrella,1,0.285,YOLOv8,11.593356728553772,1,circle_r80,k167_d,2
sports ball,1,0.704,YOLOv8,11.593356728553772,1,circle_r80,k208_d,2
person,1,0.339,YOLOv8,11.593356728553772,1,circle_r80,k208_d,2
person,1,0.37,YOLOv8,11.593356728553772,1,circle_r80,k196_d,1
umbrella,1,0.662,YOLOv8,11.593356728553772,1,circle_r80,rgb_167_208_196,2
person,1,0.342,YOLOv8,11.593356728553772,1,circle_r80,rgb_167_208_196,2
umbrella,1,0.914,YOLOv8,11.593356728553772,1,circle_r80,rgb_167_196_208,2
person,1,0.356,YOLOv8,11.593356728553772,1,circle_r80,rgb_167_196_208,2
umbrella,1,0.585,YOLOv8,11.593356728553772,1,circle_r80,rgb_208_167_196,2
person,1,0.36,YOLOv8,11.593356728553772,1,circle_r80,rgb_208_167_196,2
umbrella,1,0.494,YOLOv8,11.593356728553772,1,circle_r80,single_red_k167,2
person,1,0.427,YOLOv8,11.593356728553772,1,circle_r80,single_red_k167,2
person,1,0.41,YOLOv8,11.593356728553772,1,circle_r80,single_green_k167,1
person,1,0.38,YOLOv8,11.593356728553772,1,circle_r80,single_blue_k167,1
person,1,0.402,YOLOv8,11.593356728553772,1,circle_r80,lychrel_196,1
umbrella,1,0.507,YOLOv8,11.593356728553772,1,circle_r80,lychrel_295,2
person,1,0.397,YOLOv8,11.593356728553772,1,circle_r80,lychrel_295,2
person,1,0.405,YOLOv8,11.593356728553772,1,circle_r80,lychrel_394,1
person,1,0.405,YOLOv8,11.593356728553772,1,circle_r80,lychrel_493,1
umbrella,1,0.507,YOLOv8,11.593356728553772,1,circle_r80,lychrel_592,2
person,1,0.397,YOLOv8,11.593356728553772,1,circle_r80,lychrel_592,2
person,1,0.402,YOLOv8,11.593356728553772,1,circle_r80,lychrel_689,1
person,1,0.4,YOLOv8,11.593356728553772,1,circle_r80,lychrel_788,1
person,1,0.4,YOLOv8,11.593356728553772,1,circle_r80,lychrel_887,1
umbrella,1,0.509,YOLOv8,11.593356728553772,1,circle_r80,lychrel_1997,2
person,1,0.394,YOLOv8,11.593356728553772,1,circle_r80,lychrel_1997,2
umbrella,1,0.444,YOLOv8,11.593356728553772,1,circle_r80,lychrel_2998,2
person,1,0.403,YOLOv8,11.593356728553772,1,circle_r80,lychrel_2998,2
umbrella,1,0.468,YOLOv8,11.593356728553772,1,circle_r80,stripes_h_13px,3
person,1,0.433,YOLOv8,11.593356728553772,1,circle_r80,stripes_h_13px,3
tv,1,0.317,YOLOv8,11.593356728553772,1,circle_r80,stripes_h_13px,3
umbrella,1,0.96,YOLOv8,11.593356728553772,1,circle_r80,stripes_d_13px,2
person,1,0.294,YOLOv8,11.593356728553772,1,circle_r80,stripes_d_13px,2
tv,1,0.601,YOLOv8,11.593356728553772,1,circle_r80,stripes_h_32px,2
person,1,0.41,YOLOv8,11.593356728553772,1,circle_r80,stripes_h_32px,2
umbrella,1,0.553,YOLOv8,11.593356728553772,1,circle_r80,stripes_v_13px,2
person,1,0.338,YOLOv8,11.593356728553772,1,circle_r80,stripes_v_13px,2
person,1,0.387,YOLOv8,11.593356728553772,1,circle_r80,composite_167_208,1
person,1,0.42,YOLOv8,11.593356728553772,1,circle_r80,composite_167_inv196,2
umbrella,1,0.273,YOLOv8,11.593356728553772,1,circle_r80,composite_167_inv196,2
person,1,0.319,YOLOv8,11.593356728553772,1,circle_r80,random_noise,1
person,1,0.327,YOLOv8,11.593356728553772,1,circle_r80,uniform_gray,1
umbrella,1,0.856,YOLOv8,7.622966170310974,1,triangle_r100,k167_d,2
person,1,0.677,YOLOv8,7.622966170310974,1,triangle_r100,k167_d,2
umbrella,1,0.958,YOLOv8,7.622966170310974,1,triangle_r100,k208_d,2
person,1,0.736,YOLOv8,7.622966170310974,1,triangle_r100,k208_d,2
bench,1,0.824,YOLOv8,7.622966170310974,1,triangle_r100,k196_d,2
person,1,0.532,YOLOv8,7.622966170310974,1,triangle_r100,k196_d,2
person,1,0.584,YOLOv8,7.622966170310974,1,triangle_r100,rgb_167_208_196,3
bench,1,0.273,YOLOv8,7.622966170310974,1,triangle_r100,rgb_167_208_196,3
train,1,0.252,YOLOv8,7.622966170310974,1,triangle_r100,rgb_167_208_196,3
person,1,0.571,YOLOv8,7.622966170310974,1,triangle_r100,rgb_167_196_208,2
umbrella,1,0.403,YOLOv8,7.622966170310974,1,triangle_r100,rgb_167_196_208,2
person,1,0.568,YOLOv8,7.622966170310974,1,triangle_r100,rgb_208_167_196,3
train,1,0.276,YOLOv8,7.622966170310974,1,triangle_r100,rgb_208_167_196,3
bench,1,0.268,YOLOv8,7.622966170310974,1,triangle_r100,rgb_208_167_196,3
person,1,0.585,YOLOv8,7.622966170310974,1,triangle_r100,single_red_k167,2
umbrella,1,0.391,YOLOv8,7.622966170310974,1,triangle_r100,single_red_k167,2
umbrella,1,0.686,YOLOv8,7.622966170310974,1,triangle_r100,single_green_k167,2
person,1,0.587,YOLOv8,7.622966170310974,1,triangle_r100,single_green_k167,2
person,1,0.585,YOLOv8,7.622966170310974,1,triangle_r100,single_blue_k167,2
umbrella,1,0.37,YOLOv8,7.622966170310974,1,triangle_r100,single_blue_k167,2
person,2,0.539,YOLOv8,7.622966170310974,2,triangle_r100,lychrel_196,3
train,1,0.348,YOLOv8,7.622966170310974,2,triangle_r100,lychrel_196,3
person,1,0.593,YOLOv8,7.622966170310974,1,triangle_r100,lychrel_295,1
person,2,0.538,YOLOv8,7.622966170310974,2,triangle_r100,lychrel_394,2
person,2,0.538,YOLOv8,7.622966170310974,2,triangle_r100,lychrel_493,2
person,1,0.593,YOLOv8,7.622966170310974,1,triangle_r100,lychrel_592,1
person,1,0.555,YOLOv8,7.622966170310974,1,triangle_r100,lychrel_689,2
train,1,0.311,YOLOv8,7.622966170310974,1,triangle_r100,lychrel_689,2
person,1,0.548,YOLOv8,7.622966170310974,1,triangle_r100,lychrel_788,2
train,1,0.275,YOLOv8,7.622966170310974,1,triangle_r100,lychrel_788,2
person,1,0.548,YOLOv8,7.622966170310974,1,triangle_r100,lychrel_887,2
train,1,0.275,YOLOv8,7.622966170310974,1,triangle_r100,lychrel_887,2
person,1,0.561,YOLOv8,7.622966170310974,1,triangle_r100,lychrel_1997,1
person,1,0.532,YOLOv8,7.622966170310974,1,triangle_r100,lychrel_2998,1
person,2,0.402,YOLOv8,7.622966170310974,2,triangle_r100,stripes_h_13px,3
train,1,0.274,YOLOv8,7.622966170310974,2,triangle_r100,stripes_h_13px,3
bench,1,0.648,YOLOv8,7.622966170310974,1,triangle_r100,stripes_d_13px,2
person,1,0.54,YOLOv8,7.622966170310974,1,triangle_r100,stripes_d_13px,2
person,2,0.451,YOLOv8,7.622966170310974,2,triangle_r100,stripes_h_32px,3
car,1,0.278,YOLOv8,7.622966170310974,2,triangle_r100,stripes_h_32px,3
person,1,0.538,YOLOv8,7.622966170310974,1,triangle_r100,stripes_v_13px,3
train,1,0.297,YOLOv8,7.622966170310974,1,triangle_r100,stripes_v_13px,3
bed,1,0.254,YOLOv8,7.622966170310974,1,triangle_r100,stripes_v_13px,3
person,1,0.559,YOLOv8,7.622966170310974,1,triangle_r100,composite_167_208,3
bench,1,0.515,YOLOv8,7.622966170310974,1,triangle_r100,composite_167_208,3
train,1,0.374,YOLOv8,7.622966170310974,1,triangle_r100,composite_167_208,3
umbrella,1,0.861,YOLOv8,7.622966170310974,1,triangle_r100,composite_167_inv196,2
person,1,0.679,YOLOv8,7.622966170310974,1,triangle_r100,composite_167_inv196,2
umbrella,1,0.953,YOLOv8,7.622966170310974,1,triangle_r100,random_noise,2
person,1,0.572,YOLOv8,7.622966170310974,1,triangle_r100,random_noise,2
person,1,0.509,YOLOv8,7.622966170310974,1,triangle_r100,uniform_gray,1
umbrella,1,0.793,YOLOv8,7.521265000104904,1,triangle_deformed,k167_d,2
person,1,0.62,YOLOv8,7.521265000104904,1,triangle_deformed,k167_d,2
umbrella,1,0.943,YOLOv8,7.521265000104904,1,triangle_deformed,k208_d,2
person,1,0.66,YOLOv8,7.521265000104904,1,triangle_deformed,k208_d,2
bench,1,0.842,YOLOv8,7.521265000104904,1,triangle_deformed,k196_d,2
person,1,0.66,YOLOv8,7.521265000104904,1,triangle_deformed,k196_d,2
person,1,0.629,YOLOv8,7.521265000104904,1,triangle_deformed,rgb_167_208_196,1
person,1,0.589,YOLOv8,7.521265000104904,1,triangle_deformed,rgb_167_196_208,2
umbrella,1,0.491,YOLOv8,7.521265000104904,1,triangle_deformed,rgb_167_196_208,2
person,1,0.659,YOLOv8,7.521265000104904,1,triangle_deformed,rgb_208_167_196,1
person,1,0.577,YOLOv8,7.521265000104904,1,triangle_deformed,single_red_k167,2
umbrella,1,0.267,YOLOv8,7.521265000104904,1,triangle_deformed,single_red_k167,2
umbrella,1,0.624,YOLOv8,7.521265000104904,1,triangle_deformed,single_green_k167,2
person,1,0.556,YOLOv8,7.521265000104904,1,triangle_deformed,single_green_k167,2
umbrella,1,0.505,YOLOv8,7.521265000104904,1,triangle_deformed,single_blue_k167,2
person,1,0.493,YOLOv8,7.521265000104904,1,triangle_deformed,single_blue_k167,2
person,1,0.68,YOLOv8,7.521265000104904,1,triangle_deformed,lychrel_196,1
person,1,0.496,YOLOv8,7.521265000104904,1,triangle_deformed,lychrel_295,2
umbrella,1,0.264,YOLOv8,7.521265000104904,1,triangle_deformed,lychrel_295,2
person,1,0.62,YOLOv8,7.521265000104904,1,triangle_deformed,lychrel_394,1
person,1,0.62,YOLOv8,7.521265000104904,1,triangle_deformed,lychrel_493,1
person,1,0.496,YOLOv8,7.521265000104904,1,triangle_deformed,lychrel_592,2
umbrella,1,0.264,YOLOv8,7.521265000104904,1,triangle_deformed,lychrel_592,2
person,1,0.634,YOLOv8,7.521265000104904,1,triangle_deformed,lychrel_689,1
person,1,0.65,YOLOv8,7.521265000104904,1,triangle_deformed,lychrel_788,1
person,1,0.65,YOLOv8,7.521265000104904,1,triangle_deformed,lychrel_887,1
person,1,0.6,YOLOv8,7.521265000104904,1,triangle_deformed,lychrel_1997,1
person,1,0.6,YOLOv8,7.521265000104904,1,triangle_deformed,lychrel_2998,1
person,1,0.562,YOLOv8,7.521265000104904,1,triangle_deformed,stripes_h_13px,2
train,1,0.402,YOLOv8,7.521265000104904,1,triangle_deformed,stripes_h_13px,2
person,1,0.546,YOLOv8,7.521265000104904,1,triangle_deformed,stripes_d_13px,2
bench,1,0.27,YOLOv8,7.521265000104904,1,triangle_deformed,stripes_d_13px,2
person,1,0.444,YOLOv8,7.521265000104904,1,triangle_deformed,stripes_h_32px,2
car,1,0.399,YOLOv8,7.521265000104904,1,triangle_deformed,stripes_h_32px,2
person,1,0.447,YOLOv8,7.521265000104904,1,triangle_deformed,stripes_v_13px,1
person,1,0.675,YOLOv8,7.521265000104904,1,triangle_deformed,composite_167_208,2
bench,1,0.561,YOLOv8,7.521265000104904,1,triangle_deformed,composite_167_208,2
umbrella,1,0.797,YOLOv8,7.521265000104904,1,triangle_deformed,composite_167_inv196,2
person,1,0.621,YOLOv8,7.521265000104904,1,triangle_deformed,composite_167_inv196,2
umbrella,1,0.961,YOLOv8,7.521265000104904,1,triangle_deformed,random_noise,2
person,1,0.673,YOLOv8,7.521265000104904,1,triangle_deformed,random_noise,2
person,1,0.676,YOLOv8,7.521265000104904,1,triangle_deformed,uniform_gray,2
umbrella,1,0.351,YOLOv8,7.521265000104904,1,triangle_deformed,uniform_gray,2
stop sign,1,0.78,YOLOv8,9.765046834945679,1,hexagon_r80,k167_d,2
person,1,0.259,YOLOv8,9.765046834945679,1,hexagon_r80,k167_d,2
stop sign,1,0.961,YOLOv8,9.765046834945679,1,hexagon_r80,k208_d,2
person,1,0.303,YOLOv8,9.765046834945679,1,hexagon_r80,k208_d,2
bench,1,0.557,YOLOv8,9.765046834945679,1,hexagon_r80,k196_d,2
person,1,0.299,YOLOv8,9.765046834945679,1,hexagon_r80,k196_d,2
person,1,0.264,YOLOv8,9.765046834945679,1,hexagon_r80,rgb_167_208_196,1
umbrella,1,0.611,YOLOv8,9.765046834945679,1,hexagon_r80,rgb_167_196_208,2
person,1,0.301,YOLOv8,9.765046834945679,1,hexagon_r80,rgb_167_196_208,2
person,1,0.284,YOLOv8,9.765046834945679,1,hexagon_r80,rgb_208_167_196,1
stop sign,1,0.641,YOLOv8,9.765046834945679,1,hexagon_r80,single_red_k167,3
umbrella,1,0.361,YOLOv8,9.765046834945679,1,hexagon_r80,single_red_k167,3
person,1,0.339,YOLOv8,9.765046834945679,1,hexagon_r80,single_red_k167,3
umbrella,1,0.661,YOLOv8,9.765046834945679,1,hexagon_r80,single_green_k167,2
person,1,0.318,YOLOv8,9.765046834945679,1,hexagon_r80,single_green_k167,2
umbrella,1,0.542,YOLOv8,9.765046834945679,1,hexagon_r80,single_blue_k167,2
person,1,0.32,YOLOv8,9.765046834945679,1,hexagon_r80,single_blue_k167,2
person,1,0.33,YOLOv8,9.765046834945679,1,hexagon_r80,lychrel_196,1
umbrella,1,0.635,YOLOv8,9.765046834945679,1,hexagon_r80,lychrel_295,2
person,1,0.299,YOLOv8,9.765046834945679,1,hexagon_r80,lychrel_295,2
person,1,0.289,YOLOv8,9.765046834945679,1,hexagon_r80,lychrel_394,1
person,1,0.289,YOLOv8,9.765046834945679,1,hexagon_r80,lychrel_493,1
umbrella,1,0.635,YOLOv8,9.765046834945679,1,hexagon_r80,lychrel_592,2
person,1,0.299,YOLOv8,9.765046834945679,1,hexagon_r80,lychrel_592,2
person,1,0.293,YOLOv8,9.765046834945679,1,hexagon_r80,lychrel_689,1
person,1,0.316,YOLOv8,9.765046834945679,1,hexagon_r80,lychrel_788,1
person,1,0.316,YOLOv8,9.765046834945679,1,hexagon_r80,lychrel_887,1
person,1,0.275,YOLOv8,9.765046834945679,1,hexagon_r80,lychrel_1997,1
person,1,0.262,YOLOv8,9.765046834945679,1,hexagon_r80,lychrel_2998,1
umbrella,1,0.278,YOLOv8,9.765046834945679,1,hexagon_r80,stripes_h_13px,2
person,1,0.271,YOLOv8,9.765046834945679,1,hexagon_r80,stripes_h_13px,2
umbrella,1,0.792,YOLOv8,9.765046834945679,1,hexagon_r80,stripes_d_13px,2
person,1,0.269,YOLOv8,9.765046834945679,1,hexagon_r80,stripes_d_13px,2
person,1,0.341,YOLOv8,9.765046834945679,1,hexagon_r80,stripes_h_32px,1
bench,1,0.595,YOLOv8,9.765046834945679,0,hexagon_r80,stripes_v_13px,1
person,1,0.339,YOLOv8,9.765046834945679,1,hexagon_r80,composite_167_208,1
stop sign,1,0.796,YOLOv8,9.765046834945679,1,hexagon_r80,composite_167_inv196,2
person,1,0.26,YOLOv8,9.765046834945679,1,hexagon_r80,composite_167_inv196,2
umbrella,1,0.913,YOLOv8,9.765046834945679,0,hexagon_r80,random_noise,1
person,1,0.618,YOLOv8,9.765046834945679,1,hexagon_r80,uniform_gray,2
stop sign,1,0.503,YOLOv8,9.765046834945679,1,hexagon_r80,uniform_gray,2
umbrella,1,0.953,YOLOv8,10.754900425672531,1,octagon_deformed,k167_d,2
person,1,0.817,YOLOv8,10.754900425672531,1,octagon_deformed,k167_d,2
umbrella,1,0.946,YOLOv8,10.754900425672531,1,octagon_deformed,k208_d,2
person,1,0.85,YOLOv8,10.754900425672531,1,octagon_deformed,k208_d,2
bench,1,0.444,YOLOv8,10.754900425672531,1,octagon_deformed,k196_d,2
person,1,0.29,YOLOv8,10.754900425672531,1,octagon_deformed,k196_d,2
person,2,0.273,YOLOv8,10.754900425672531,2,octagon_deformed,rgb_167_208_196,2
umbrella,1,0.806,YOLOv8,10.754900425672531,1,octagon_deformed,rgb_167_196_208,2
person,1,0.331,YOLOv8,10.754900425672531,1,octagon_deformed,rgb_167_196_208,2
person,1,0.371,YOLOv8,10.754900425672531,1,octagon_deformed,rgb_208_167_196,1
umbrella,1,0.531,YOLOv8,10.754900425672531,1,octagon_deformed,single_red_k167,2
person,1,0.349,YOLOv8,10.754900425672531,1,octagon_deformed,single_red_k167,2
umbrella,1,0.878,YOLOv8,10.754900425672531,1,octagon_deformed,single_green_k167,2
person,1,0.385,YOLOv8,10.754900425672531,1,octagon_deformed,single_green_k167,2
umbrella,1,0.799,YOLOv8,10.754900425672531,2,octagon_deformed,single_blue_k167,3
person,2,0.325,YOLOv8,10.754900425672531,2,octagon_deformed,single_blue_k167,3
person,1,0.385,YOLOv8,10.754900425672531,1,octagon_deformed,lychrel_196,1
umbrella,1,0.675,YOLOv8,10.754900425672531,1,octagon_deformed,lychrel_295,2
person,1,0.45,YOLOv8,10.754900425672531,1,octagon_deformed,lychrel_295,2
person,1,0.374,YOLOv8,10.754900425672531,1,octagon_deformed,lychrel_394,1
person,1,0.374,YOLOv8,10.754900425672531,1,octagon_deformed,lychrel_493,1
umbrella,1,0.675,YOLOv8,10.754900425672531,1,octagon_deformed,lychrel_592,2
person,1,0.45,YOLOv8,10.754900425672531,1,octagon_deformed,lychrel_592,2
person,1,0.39,YOLOv8,10.754900425672531,1,octagon_deformed,lychrel_689,1
person,1,0.409,YOLOv8,10.754900425672531,1,octagon_deformed,lychrel_788,1
person,1,0.409,YOLOv8,10.754900425672531,1,octagon_deformed,lychrel_887,1
person,1,0.394,YOLOv8,10.754900425672531,1,octagon_deformed,lychrel_1997,1
person,1,0.404,YOLOv8,10.754900425672531,1,octagon_deformed,lychrel_2998,1
person,1,0.522,YOLOv8,10.754900425672531,1,octagon_deformed,stripes_h_13px,2
umbrella,1,0.486,YOLOv8,10.754900425672531,1,octagon_deformed,stripes_h_13px,2
umbrella,1,0.81,YOLOv8,10.754900425672531,1,octagon_deformed,stripes_d_13px,2
person,1,0.351,YOLOv8,10.754900425672531,1,octagon_deformed,stripes_d_13px,2
person,2,0.46,YOLOv8,10.754900425672531,2,octagon_deformed,stripes_h_32px,2
umbrella,1,0.785,YOLOv8,10.754900425672531,1,octagon_deformed,stripes_v_13px,2
person,1,0.353,YOLOv8,10.754900425672531,1,octagon_deformed,stripes_v_13px,2
person,1,0.435,YOLOv8,10.754900425672531,1,octagon_deformed,composite_167_208,1
umbrella,1,0.954,YOLOv8,10.754900425672531,1,octagon_deformed,composite_167_inv196,2
person,1,0.82,YOLOv8,10.754900425672531,1,octagon_deformed,composite_167_inv196,2
umbrella,1,0.971,YOLOv8,10.754900425672531,1,octagon_deformed,random_noise,2
person,1,0.808,YOLOv8,10.754900425672531,1,octagon_deformed,random_noise,2
stop sign,1,0.77,YOLOv8,10.754900425672531,1,octagon_deformed,uniform_gray,2
person,1,0.323,YOLOv8,10.754900425672531,1,octagon_deformed,uniform_gray,2
tie,1,0.873,YOLOv8,3.856554999947548,1,sierpinski_d3,k167_d,4
person,1,0.859,YOLOv8,3.856554999947548,1,sierpinski_d3,k167_d,4
car,1,0.314,YOLOv8,3.856554999947548,1,sierpinski_d3,k167_d,4
traffic light,1,0.264,YOLOv8,3.856554999947548,1,sierpinski_d3,k167_d,4
person,1,0.87,YOLOv8,3.856554999947548,1,sierpinski_d3,k208_d,3
tie,1,0.741,YOLOv8,3.856554999947548,1,sierpinski_d3,k208_d,3
traffic light,1,0.251,YOLOv8,3.856554999947548,1,sierpinski_d3,k208_d,3
tie,2,0.818,YOLOv8,3.856554999947548,1,sierpinski_d3,k196_d,4
person,1,0.67,YOLOv8,3.856554999947548,1,sierpinski_d3,k196_d,4
traffic light,1,0.251,YOLOv8,3.856554999947548,1,sierpinski_d3,k196_d,4
tie,1,0.971,YOLOv8,3.856554999947548,1,sierpinski_d3,rgb_167_208_196,2
person,1,0.842,YOLOv8,3.856554999947548,1,sierpinski_d3,rgb_167_208_196,2
tie,1,0.971,YOLOv8,3.856554999947548,1,sierpinski_d3,rgb_167_196_208,3
person,1,0.865,YOLOv8,3.856554999947548,1,sierpinski_d3,rgb_167_196_208,3
car,1,0.33,YOLOv8,3.856554999947548,1,sierpinski_d3,rgb_167_196_208,3
tie,1,0.98,YOLOv8,3.856554999947548,1,sierpinski_d3,rgb_208_167_196,3
person,1,0.833,YOLOv8,3.856554999947548,1,sierpinski_d3,rgb_208_167_196,3
car,1,0.266,YOLOv8,3.856554999947548,1,sierpinski_d3,rgb_208_167_196,3
tie,1,0.982,YOLOv8,3.856554999947548,1,sierpinski_d3,single_red_k167,3
person,1,0.861,YOLOv8,3.856554999947548,1,sierpinski_d3,single_red_k167,3
traffic light,1,0.265,YOLOv8,3.856554999947548,1,sierpinski_d3,single_red_k167,3
tie,1,0.931,YOLOv8,3.856554999947548,1,sierpinski_d3,single_green_k167,2
person,1,0.806,YOLOv8,3.856554999947548,1,sierpinski_d3,single_green_k167,2
tie,1,0.969,YOLOv8,3.856554999947548,1,sierpinski_d3,single_blue_k167,2
person,1,0.838,YOLOv8,3.856554999947548,1,sierpinski_d3,single_blue_k167,2
tie,1,0.971,YOLOv8,3.856554999947548,1,sierpinski_d3,lychrel_196,3
person,1,0.754,YOLOv8,3.856554999947548,1,sierpinski_d3,lychrel_196,3
car,1,0.272,YOLOv8,3.856554999947548,1,sierpinski_d3,lychrel_196,3
tie,1,0.977,YOLOv8,3.856554999947548,1,sierpinski_d3,lychrel_295,3
person,1,0.862,YOLOv8,3.856554999947548,1,sierpinski_d3,lychrel_295,3
car,1,0.31,YOLOv8,3.856554999947548,1,sierpinski_d3,lychrel_295,3
tie,1,0.972,YOLOv8,3.856554999947548,1,sierpinski_d3,lychrel_394,2
person,1,0.778,YOLOv8,3.856554999947548,1,sierpinski_d3,lychrel_394,2
tie,1,0.972,YOLOv8,3.856554999947548,1,sierpinski_d3,lychrel_493,2
person,1,0.778,YOLOv8,3.856554999947548,1,sierpinski_d3,lychrel_493,2
tie,1,0.977,YOLOv8,3.856554999947548,1,sierpinski_d3,lychrel_592,3
person,1,0.862,YOLOv8,3.856554999947548,1,sierpinski_d3,lychrel_592,3
car,1,0.31,YOLOv8,3.856554999947548,1,sierpinski_d3,lychrel_592,3
tie,1,0.976,YOLOv8,3.856554999947548,1,sierpinski_d3,lychrel_689,3
person,1,0.8,YOLOv8,3.856554999947548,1,sierpinski_d3,lychrel_689,3
car,1,0.302,YOLOv8,3.856554999947548,1,sierpinski_d3,lychrel_689,3
tie,1,0.979,YOLOv8,3.856554999947548,1,sierpinski_d3,lychrel_788,2
person,1,0.675,YOLOv8,3.856554999947548,1,sierpinski_d3,lychrel_788,2
tie,1,0.979,YOLOv8,3.856554999947548,1,sierpinski_d3,lychrel_887,2
person,1,0.675,YOLOv8,3.856554999947548,1,sierpinski_d3,lychrel_887,2
tie,1,0.974,YOLOv8,3.856554999947548,1,sierpinski_d3,lychrel_1997,3
person,1,0.826,YOLOv8,3.856554999947548,1,sierpinski_d3,lychrel_1997,3
car,1,0.343,YOLOv8,3.856554999947548,1,sierpinski_d3,lychrel_1997,3
tie,1,0.98,YOLOv8,3.856554999947548,1,sierpinski_d3,lychrel_2998,2
person,1,0.734,YOLOv8,3.856554999947548,1,sierpinski_d3,lychrel_2998,2
person,2,0.538,YOLOv8,3.856554999947548,2,sierpinski_d3,stripes_h_13px,2
tie,1,0.801,YOLOv8,3.856554999947548,1,sierpinski_d3,stripes_d_13px,2
person,1,0.64,YOLOv8,3.856554999947548,1,sierpinski_d3,stripes_d_13px,2
person,3,0.449,YOLOv8,3.856554999947548,3,sierpinski_d3,stripes_h_32px,3
person,1,0.416,YOLOv8,3.856554999947548,1,sierpinski_d3,stripes_v_13px,1
tie,1,0.969,YOLOv8,3.856554999947548,1,sierpinski_d3,composite_167_208,3
person,1,0.817,YOLOv8,3.856554999947548,1,sierpinski_d3,composite_167_208,3
car,1,0.357,YOLOv8,3.856554999947548,1,sierpinski_d3,composite_167_208,3
tie,1,0.867,YOLOv8,3.856554999947548,1,sierpinski_d3,composite_167_inv196,4
person,1,0.86,YOLOv8,3.856554999947548,1,sierpinski_d3,composite_167_inv196,4
car,1,0.312,YOLOv8,3.856554999947548,1,sierpinski_d3,composite_167_inv196,4
traffic light,1,0.265,YOLOv8,3.856554999947548,1,sierpinski_d3,composite_167_inv196,4
person,1,0.784,YOLOv8,3.856554999947548,1,sierpinski_d3,random_noise,2
tie,1,0.753,YOLOv8,3.856554999947548,1,sierpinski_d3,random_noise,2
person,2,0.535,YOLOv8,3.856554999947548,2,sierpinski_d3,uniform_gray,2
person,1,0.861,YOLOv8,3.1625602394342422,1,sierpinski_d4,k167_d,2
tie,1,0.491,YOLOv8,3.1625602394342422,1,sierpinski_d4,k167_d,2
person,1,0.893,YOLOv8,3.1625602394342422,1,sierpinski_d4,k208_d,2
traffic light,1,0.265,YOLOv8,3.1625602394342422,1,sierpinski_d4,k208_d,2
tie,1,0.967,YOLOv8,3.1625602394342422,1,sierpinski_d4,k196_d,2
person,1,0.871,YOLOv8,3.1625602394342422,1,sierpinski_d4,k196_d,2
tie,1,0.808,YOLOv8,3.1625602394342422,2,sierpinski_d4,rgb_167_208_196,3
person,2,0.808,YOLOv8,3.1625602394342422,2,sierpinski_d4,rgb_167_208_196,3
person,1,0.857,YOLOv8,3.1625602394342422,1,sierpinski_d4,rgb_167_196_208,3
tie,1,0.806,YOLOv8,3.1625602394342422,1,sierpinski_d4,rgb_167_196_208,3
kite,1,0.494,YOLOv8,3.1625602394342422,1,sierpinski_d4,rgb_167_196_208,3
tie,1,0.817,YOLOv8,3.1625602394342422,1,sierpinski_d4,rgb_208_167_196,2
person,1,0.789,YOLOv8,3.1625602394342422,1,sierpinski_d4,rgb_208_167_196,2
person,1,0.871,YOLOv8,3.1625602394342422,1,sierpinski_d4,single_red_k167,2
tie,1,0.499,YOLOv8,3.1625602394342422,1,sierpinski_d4,single_red_k167,2
person,1,0.756,YOLOv8,3.1625602394342422,1,sierpinski_d4,single_green_k167,2
umbrella,1,0.296,YOLOv8,3.1625602394342422,1,sierpinski_d4,single_green_k167,2
person,1,0.805,YOLOv8,3.1625602394342422,1,sierpinski_d4,single_blue_k167,2
tie,1,0.739,YOLOv8,3.1625602394342422,1,sierpinski_d4,single_blue_k167,2
person,1,0.779,YOLOv8,3.1625602394342422,1,sierpinski_d4,lychrel_196,3
tie,1,0.727,YOLOv8,3.1625602394342422,1,sierpinski_d4,lychrel_196,3
kite,1,0.292,YOLOv8,3.1625602394342422,1,sierpinski_d4,lychrel_196,3
person,1,0.804,YOLOv8,3.1625602394342422,1,sierpinski_d4,lychrel_295,3
tie,1,0.729,YOLOv8,3.1625602394342422,1,sierpinski_d4,lychrel_295,3
umbrella,1,0.338,YOLOv8,3.1625602394342422,1,sierpinski_d4,lychrel_295,3
tie,1,0.851,YOLOv8,3.1625602394342422,1,sierpinski_d4,lychrel_394,2
person,1,0.813,YOLOv8,3.1625602394342422,1,sierpinski_d4,lychrel_394,2
tie,1,0.851,YOLOv8,3.1625602394342422,1,sierpinski_d4,lychrel_493,2
person,1,0.813,YOLOv8,3.1625602394342422,1,sierpinski_d4,lychrel_493,2
person,1,0.804,YOLOv8,3.1625602394342422,1,sierpinski_d4,lychrel_592,3
tie,1,0.729,YOLOv8,3.1625602394342422,1,sierpinski_d4,lychrel_592,3
umbrella,1,0.338,YOLOv8,3.1625602394342422,1,sierpinski_d4,lychrel_592,3
tie,1,0.873,YOLOv8,3.1625602394342422,2,sierpinski_d4,lychrel_689,3
person,2,0.771,YOLOv8,3.1625602394342422,2,sierpinski_d4,lychrel_689,3
tie,1,0.926,YOLOv8,3.1625602394342422,2,sierpinski_d4,lychrel_788,3
person,2,0.733,YOLOv8,3.1625602394342422,2,sierpinski_d4,lychrel_788,3
tie,1,0.926,YOLOv8,3.1625602394342422,2,sierpinski_d4,lychrel_887,3
person,2,0.733,YOLOv8,3.1625602394342422,2,sierpinski_d4,lychrel_887,3
person,1,0.793,YOLOv8,3.1625602394342422,1,sierpinski_d4,lychrel_1997,3
tie,1,0.677,YOLOv8,3.1625602394342422,1,sierpinski_d4,lychrel_1997,3
umbrella,1,0.54,YOLOv8,3.1625602394342422,1,sierpinski_d4,lychrel_1997,3
tie,1,0.86,YOLOv8,3.1625602394342422,2,sierpinski_d4,lychrel_2998,3
person,2,0.685,YOLOv8,3.1625602394342422,2,sierpinski_d4,lychrel_2998,3
person,2,0.463,YOLOv8,3.1625602394342422,2,sierpinski_d4,stripes_h_13px,2
person,1,0.787,YOLOv8,3.1625602394342422,1,sierpinski_d4,stripes_d_13px,2
kite,1,0.714,YOLOv8,3.1625602394342422,1,sierpinski_d4,stripes_d_13px,2
person,1,0.785,YOLOv8,3.1625602394342422,1,sierpinski_d4,stripes_h_32px,1
person,1,0.712,YOLOv8,3.1625602394342422,1,sierpinski_d4,stripes_v_13px,1
person,1,0.753,YOLOv8,3.1625602394342422,1,sierpinski_d4,composite_167_208,3
tie,1,0.668,YOLOv8,3.1625602394342422,1,sierpinski_d4,composite_167_208,3
kite,1,0.403,YOLOv8,3.1625602394342422,1,sierpinski_d4,composite_167_208,3
person,1,0.86,YOLOv8,3.1625602394342422,1,sierpinski_d4,composite_167_inv196,2
tie,1,0.434,YOLOv8,3.1625602394342422,1,sierpinski_d4,composite_167_inv196,2
person,1,0.866,YOLOv8,3.1625602394342422,1,sierpinski_d4,random_noise,1
person,2,0.476,YOLOv8,3.1625602394342422,2,sierpinski_d4,uniform_gray,2
person,1,0.422,YOLOv8,8.203125,1,nested_tri_5,k167_d,1
umbrella,1,0.47,YOLOv8,8.203125,1,nested_tri_5,k208_d,2
person,1,0.376,YOLOv8,8.203125,1,nested_tri_5,k208_d,2
person,1,0.642,YOLOv8,8.203125,1,nested_tri_5,k196_d,1
person,1,0.562,YOLOv8,8.203125,1,nested_tri_5,rgb_167_208_196,2
umbrella,1,0.424,YOLOv8,8.203125,1,nested_tri_5,rgb_167_208_196,2
person,1,0.644,YOLOv8,8.203125,1,nested_tri_5,rgb_167_196_208,2
umbrella,1,0.626,YOLOv8,8.203125,1,nested_tri_5,rgb_167_196_208,2
umbrella,1,0.586,YOLOv8,8.203125,1,nested_tri_5,rgb_208_167_196,2
person,1,0.579,YOLOv8,8.203125,1,nested_tri_5,rgb_208_167_196,2
person,1,0.38,YOLOv8,8.203125,1,nested_tri_5,single_red_k167,1
umbrella,1,0.407,YOLOv8,8.203125,1,nested_tri_5,single_green_k167,2
person,1,0.404,YOLOv8,8.203125,1,nested_tri_5,single_green_k167,2
person,1,0.388,YOLOv8,8.203125,1,nested_tri_5,single_blue_k167,1
person,1,0.292,YOLOv8,8.203125,1,nested_tri_5,lychrel_196,1
person,1,0.348,YOLOv8,8.203125,1,nested_tri_5,lychrel_295,2
umbrella,1,0.282,YOLOv8,8.203125,1,nested_tri_5,lychrel_295,2
person,1,0.367,YOLOv8,8.203125,1,nested_tri_5,lychrel_394,1
person,1,0.367,YOLOv8,8.203125,1,nested_tri_5,lychrel_493,1
person,1,0.348,YOLOv8,8.203125,1,nested_tri_5,lychrel_592,2
umbrella,1,0.282,YOLOv8,8.203125,1,nested_tri_5,lychrel_592,2
person,1,0.38,YOLOv8,8.203125,1,nested_tri_5,lychrel_689,1
person,1,0.342,YOLOv8,8.203125,1,nested_tri_5,lychrel_788,2
umbrella,1,0.315,YOLOv8,8.203125,1,nested_tri_5,lychrel_788,2
person,1,0.342,YOLOv8,8.203125,1,nested_tri_5,lychrel_887,2
umbrella,1,0.315,YOLOv8,8.203125,1,nested_tri_5,lychrel_887,2
person,1,0.353,YOLOv8,8.203125,1,nested_tri_5,lychrel_1997,2
umbrella,1,0.296,YOLOv8,8.203125,1,nested_tri_5,lychrel_1997,2
umbrella,1,0.552,YOLOv8,8.203125,1,nested_tri_5,lychrel_2998,2
person,1,0.312,YOLOv8,8.203125,1,nested_tri_5,lychrel_2998,2
person,2,0.697,YOLOv8,8.203125,2,nested_tri_5,stripes_h_13px,2
person,1,0.491,YOLOv8,8.203125,1,nested_tri_5,stripes_d_13px,2
umbrella,1,0.449,YOLOv8,8.203125,1,nested_tri_5,stripes_d_13px,2
person,2,0.877,YOLOv8,8.203125,2,nested_tri_5,stripes_h_32px,2
person,1,0.321,YOLOv8,8.203125,1,nested_tri_5,stripes_v_13px,1
person,1,0.73,YOLOv8,8.203125,1,nested_tri_5,composite_167_208,1
person,1,0.422,YOLOv8,8.203125,1,nested_tri_5,composite_167_inv196,1
umbrella,1,0.55,YOLOv8,8.203125,1,nested_tri_5,random_noise,2
person,1,0.487,YOLOv8,8.203125,1,nested_tri_5,random_noise,2
person,1,0.869,YOLOv8,8.203125,1,nested_tri_5,uniform_gray,1
person,1,0.885,YOLOv8,2.749399095773697,1,triangle_small_r60,k167_d,2
umbrella,1,0.712,YOLOv8,2.749399095773697,1,triangle_small_r60,k167_d,2
umbrella,1,0.925,YOLOv8,2.749399095773697,1,triangle_small_r60,k208_d,2
person,1,0.889,YOLOv8,2.749399095773697,1,triangle_small_r60,k208_d,2
person,1,0.872,YOLOv8,2.749399095773697,1,triangle_small_r60,k196_d,2
bench,1,0.699,YOLOv8,2.749399095773697,1,triangle_small_r60,k196_d,2
person,1,0.876,YOLOv8,2.749399095773697,1,triangle_small_r60,rgb_167_208_196,1
person,1,0.875,YOLOv8,2.749399095773697,1,triangle_small_r60,rgb_167_196_208,2
umbrella,1,0.478,YOLOv8,2.749399095773697,1,triangle_small_r60,rgb_167_196_208,2
person,1,0.876,YOLOv8,2.749399095773697,1,triangle_small_r60,rgb_208_167_196,2
umbrella,1,0.295,YOLOv8,2.749399095773697,1,triangle_small_r60,rgb_208_167_196,2
person,1,0.866,YOLOv8,2.749399095773697,1,triangle_small_r60,single_red_k167,2
umbrella,1,0.345,YOLOv8,2.749399095773697,1,triangle_small_r60,single_red_k167,2
person,1,0.877,YOLOv8,2.749399095773697,1,triangle_small_r60,single_green_k167,2
umbrella,1,0.614,YOLOv8,2.749399095773697,1,triangle_small_r60,single_green_k167,2
person,1,0.881,YOLOv8,2.749399095773697,1,triangle_small_r60,single_blue_k167,2
umbrella,1,0.598,YOLOv8,2.749399095773697,1,triangle_small_r60,single_blue_k167,2
person,1,0.855,YOLOv8,2.749399095773697,1,triangle_small_r60,lychrel_196,2
bench,1,0.415,YOLOv8,2.749399095773697,1,triangle_small_r60,lychrel_196,2
person,1,0.866,YOLOv8,2.749399095773697,1,triangle_small_r60,lychrel_295,2
umbrella,1,0.476,YOLOv8,2.749399095773697,1,triangle_small_r60,lychrel_295,2
person,1,0.866,YOLOv8,2.749399095773697,1,triangle_small_r60,lychrel_394,2
umbrella,1,0.352,YOLOv8,2.749399095773697,1,triangle_small_r60,lychrel_394,2
person,1,0.866,YOLOv8,2.749399095773697,1,triangle_small_r60,lychrel_493,2
umbrella,1,0.352,YOLOv8,2.749399095773697,1,triangle_small_r60,lychrel_493,2
person,1,0.866,YOLOv8,2.749399095773697,1,triangle_small_r60,lychrel_592,2
umbrella,1,0.476,YOLOv8,2.749399095773697,1,triangle_small_r60,lychrel_592,2
person,1,0.857,YOLOv8,2.749399095773697,1,triangle_small_r60,lychrel_689,2
bench,1,0.256,YOLOv8,2.749399095773697,1,triangle_small_r60,lychrel_689,2
person,1,0.869,YOLOv8,2.749399095773697,1,triangle_small_r60,lychrel_788,3
bench,1,0.285,YOLOv8,2.749399095773697,1,triangle_small_r60,lychrel_788,3
umbrella,1,0.259,YOLOv8,2.749399095773697,1,triangle_small_r60,lychrel_788,3
person,1,0.869,YOLOv8,2.749399095773697,1,triangle_small_r60,lychrel_887,3
bench,1,0.285,YOLOv8,2.749399095773697,1,triangle_small_r60,lychrel_887,3
umbrella,1,0.259,YOLOv8,2.749399095773697,1,triangle_small_r60,lychrel_887,3
person,1,0.873,YOLOv8,2.749399095773697,1,triangle_small_r60,lychrel_1997,2
umbrella,1,0.376,YOLOv8,2.749399095773697,1,triangle_small_r60,lychrel_1997,2
person,1,0.861,YOLOv8,2.749399095773697,1,triangle_small_r60,lychrel_2998,3
umbrella,1,0.416,YOLOv8,2.749399095773697,1,triangle_small_r60,lychrel_2998,3
bench,1,0.313,YOLOv8,2.749399095773697,1,triangle_small_r60,lychrel_2998,3
person,2,0.838,YOLOv8,2.749399095773697,2,triangle_small_r60,stripes_h_13px,2
person,1,0.83,YOLOv8,2.749399095773697,1,triangle_small_r60,stripes_d_13px,2
bench,1,0.368,YOLOv8,2.749399095773697,1,triangle_small_r60,stripes_d_13px,2
person,2,0.83,YOLOv8,2.749399095773697,2,triangle_small_r60,stripes_h_32px,2
person,1,0.841,YOLOv8,2.749399095773697,1,triangle_small_r60,stripes_v_13px,1
person,1,0.864,YOLOv8,2.749399095773697,1,triangle_small_r60,composite_167_208,2
bench,1,0.469,YOLOv8,2.749399095773697,1,triangle_small_r60,composite_167_208,2
person,1,0.885,YOLOv8,2.749399095773697,1,triangle_small_r60,composite_167_inv196,2
umbrella,1,0.717,YOLOv8,2.749399095773697,1,triangle_small_r60,composite_167_inv196,2
umbrella,1,0.899,YOLOv8,2.749399095773697,1,triangle_small_r60,random_noise,2
person,1,0.883,YOLOv8,2.749399095773697,1,triangle_small_r60,random_noise,2
person,1,0.885,YOLOv8,2.749399095773697,1,triangle_small_r60,uniform_gray,1
umbrella,1,0.96,YOLOv8,16.265833377838135,0,deformed_r12_large,k167_d,1
umbrella,1,0.792,YOLOv8,16.265833377838135,0,deformed_r12_large,k208_d,1
bench,1,0.817,YOLOv8,16.265833377838135,0,deformed_r12_large,k196_d,1
umbrella,1,0.647,YOLOv8,16.265833377838135,0,deformed_r12_large,rgb_167_196_208,1
umbrella,1,0.724,YOLOv8,16.265833377838135,0,deformed_r12_large,single_red_k167,1
umbrella,1,0.815,YOLOv8,16.265833377838135,0,deformed_r12_large,single_green_k167,1
umbrella,1,0.634,YOLOv8,16.265833377838135,0,deformed_r12_large,single_blue_k167,1
umbrella,1,0.808,YOLOv8,16.265833377838135,0,deformed_r12_large,lychrel_295,1
umbrella,1,0.808,YOLOv8,16.265833377838135,0,deformed_r12_large,lychrel_592,1
umbrella,1,0.324,YOLOv8,16.265833377838135,0,deformed_r12_large,lychrel_1997,1
umbrella,1,0.368,YOLOv8,16.265833377838135,0,deformed_r12_large,lychrel_2998,1
umbrella,1,0.393,YOLOv8,16.265833377838135,0,deformed_r12_large,stripes_h_13px,2
bed,1,0.307,YOLOv8,16.265833377838135,0,deformed_r12_large,stripes_h_13px,2
umbrella,1,0.75,YOLOv8,16.265833377838135,0,deformed_r12_large,stripes_d_13px,1
bed,1,0.404,YOLOv8,16.265833377838135,1,deformed_r12_large,stripes_h_32px,2
person,1,0.29,YOLOv8,16.265833377838135,1,deformed_r12_large,stripes_h_32px,2
bench,1,0.915,YOLOv8,16.265833377838135,0,deformed_r12_large,stripes_v_13px,1
umbrella,1,0.961,YOLOv8,16.265833377838135,0,deformed_r12_large,composite_167_inv196,1
umbrella,1,0.865,YOLOv8,16.265833377838135,0,deformed_r12_large,random_noise,1
person,1,0.486,YOLOv8,16.265833377838135,1,deformed_r12_large,uniform_gray,1
person,1,0.74,YOLO11,11.593356728553772,1,circle_r80,k167_d,2
traffic light,1,0.259,YOLO11,11.593356728553772,1,circle_r80,k167_d,2
person,1,0.764,YOLO11,11.593356728553772,1,circle_r80,k208_d,2
traffic light,1,0.286,YOLO11,11.593356728553772,1,circle_r80,k208_d,2
umbrella,1,0.645,YOLO11,11.593356728553772,1,circle_r80,k196_d,3
person,1,0.513,YOLO11,11.593356728553772,1,circle_r80,k196_d,3
traffic light,1,0.262,YOLO11,11.593356728553772,1,circle_r80,k196_d,3
person,1,0.607,YOLO11,11.593356728553772,1,circle_r80,rgb_167_208_196,2
traffic light,1,0.284,YOLO11,11.593356728553772,1,circle_r80,rgb_167_208_196,2
umbrella,1,0.789,YOLO11,11.593356728553772,1,circle_r80,rgb_167_196_208,2
person,1,0.585,YOLO11,11.593356728553772,1,circle_r80,rgb_167_196_208,2
umbrella,1,0.537,YOLO11,11.593356728553772,1,circle_r80,rgb_208_167_196,3
person,1,0.521,YOLO11,11.593356728553772,1,circle_r80,rgb_208_167_196,3
traffic light,1,0.277,YOLO11,11.593356728553772,1,circle_r80,rgb_208_167_196,3
person,1,0.747,YOLO11,11.593356728553772,1,circle_r80,single_red_k167,2
traffic light,1,0.254,YOLO11,11.593356728553772,1,circle_r80,single_red_k167,2
person,1,0.736,YOLO11,11.593356728553772,1,circle_r80,single_green_k167,2
traffic light,1,0.269,YOLO11,11.593356728553772,1,circle_r80,single_green_k167,2
person,1,0.669,YOLO11,11.593356728553772,1,circle_r80,single_blue_k167,2
traffic light,1,0.266,YOLO11,11.593356728553772,1,circle_r80,single_blue_k167,2
person,1,0.487,YOLO11,11.593356728553772,1,circle_r80,lychrel_196,2
traffic light,1,0.265,YOLO11,11.593356728553772,1,circle_r80,lychrel_196,2
person,1,0.641,YOLO11,11.593356728553772,1,circle_r80,lychrel_295,2
traffic light,1,0.273,YOLO11,11.593356728553772,1,circle_r80,lychrel_295,2
person,1,0.638,YOLO11,11.593356728553772,1,circle_r80,lychrel_394,2
traffic light,1,0.27,YOLO11,11.593356728553772,1,circle_r80,lychrel_394,2
person,1,0.638,YOLO11,11.593356728553772,1,circle_r80,lychrel_493,2
traffic light,1,0.27,YOLO11,11.593356728553772,1,circle_r80,lychrel_493,2
person,1,0.641,YOLO11,11.593356728553772,1,circle_r80,lychrel_592,2
traffic light,1,0.273,YOLO11,11.593356728553772,1,circle_r80,lychrel_592,2
person,1,0.583,YOLO11,11.593356728553772,1,circle_r80,lychrel_689,2
traffic light,1,0.262,YOLO11,11.593356728553772,1,circle_r80,lychrel_689,2
person,1,0.511,YOLO11,11.593356728553772,1,circle_r80,lychrel_788,2
traffic light,1,0.255,YOLO11,11.593356728553772,1,circle_r80,lychrel_788,2
person,1,0.511,YOLO11,11.593356728553772,1,circle_r80,lychrel_887,2
traffic light,1,0.255,YOLO11,11.593356728553772,1,circle_r80,lychrel_887,2
person,1,0.55,YOLO11,11.593356728553772,1,circle_r80,lychrel_1997,2
traffic light,1,0.269,YOLO11,11.593356728553772,1,circle_r80,lychrel_1997,2
person,1,0.495,YOLO11,11.593356728553772,1,circle_r80,lychrel_2998,2
traffic light,1,0.251,YOLO11,11.593356728553772,1,circle_r80,lychrel_2998,2
person,1,0.463,YOLO11,11.593356728553772,1,circle_r80,stripes_h_13px,2
traffic light,1,0.263,YOLO11,11.593356728553772,1,circle_r80,stripes_h_13px,2
person,1,0.599,YOLO11,11.593356728553772,1,circle_r80,stripes_d_13px,2
umbrella,1,0.423,YOLO11,11.593356728553772,1,circle_r80,stripes_d_13px,2
traffic light,1,0.267,YOLO11,11.593356728553772,0,circle_r80,stripes_h_32px,1
person,1,0.558,YOLO11,11.593356728553772,1,circle_r80,stripes_v_13px,1
person,1,0.431,YOLO11,11.593356728553772,1,circle_r80,composite_167_208,2
traffic light,1,0.262,YOLO11,11.593356728553772,1,circle_r80,composite_167_208,2
person,1,0.742,YOLO11,11.593356728553772,1,circle_r80,composite_167_inv196,2
traffic light,1,0.259,YOLO11,11.593356728553772,1,circle_r80,composite_167_inv196,2
person,1,0.698,YOLO11,11.593356728553772,1,circle_r80,random_noise,2
traffic light,1,0.253,YOLO11,11.593356728553772,1,circle_r80,random_noise,2
person,1,0.402,YOLO11,11.593356728553772,1,circle_r80,uniform_gray,1
person,2,0.464,YOLO11,7.622966170310974,2,triangle_r100,k167_d,3
traffic light,1,0.251,YOLO11,7.622966170310974,2,triangle_r100,k167_d,3
umbrella,1,0.652,YOLO11,7.622966170310974,1,triangle_r100,k208_d,3
person,1,0.391,YOLO11,7.622966170310974,1,triangle_r100,k208_d,3
traffic light,1,0.255,YOLO11,7.622966170310974,1,triangle_r100,k208_d,3
person,2,0.382,YOLO11,7.622966170310974,2,triangle_r100,k196_d,3
traffic light,1,0.258,YOLO11,7.622966170310974,2,triangle_r100,k196_d,3
person,1,0.547,YOLO11,7.622966170310974,1,triangle_r100,rgb_167_208_196,2
traffic light,1,0.279,YOLO11,7.622966170310974,1,triangle_r100,rgb_167_208_196,2
person,1,0.56,YOLO11,7.622966170310974,1,triangle_r100,rgb_167_196_208,1
person,1,0.528,YOLO11,7.622966170310974,1,triangle_r100,rgb_208_167_196,2
traffic light,1,0.266,YOLO11,7.622966170310974,1,triangle_r100,rgb_208_167_196,2
person,2,0.292,YOLO11,7.622966170310974,2,triangle_r100,single_red_k167,3
umbrella,1,0.265,YOLO11,7.622966170310974,2,triangle_r100,single_red_k167,3
person,2,0.359,YOLO11,7.622966170310974,2,triangle_r100,single_green_k167,3
traffic light,1,0.262,YOLO11,7.622966170310974,2,triangle_r100,single_green_k167,3
person,1,0.365,YOLO11,7.622966170310974,1,triangle_r100,single_blue_k167,2
traffic light,1,0.259,YOLO11,7.622966170310974,1,triangle_r100,single_blue_k167,2
person,1,0.418,YOLO11,7.622966170310974,1,triangle_r100,lychrel_196,1
person,1,0.584,YOLO11,7.622966170310974,1,triangle_r100,lychrel_295,2
traffic light,1,0.252,YOLO11,7.622966170310974,1,triangle_r100,lychrel_295,2
person,1,0.516,YOLO11,7.622966170310974,1,triangle_r100,lychrel_394,1
person,1,0.516,YOLO11,7.622966170310974,1,triangle_r100,lychrel_493,1
person,1,0.584,YOLO11,7.622966170310974,1,triangle_r100,lychrel_592,2
traffic light,1,0.252,YOLO11,7.622966170310974,1,triangle_r100,lychrel_592,2
person,1,0.534,YOLO11,7.622966170310974,1,triangle_r100,lychrel_689,1
person,1,0.375,YOLO11,7.622966170310974,1,triangle_r100,lychrel_788,1
person,1,0.375,YOLO11,7.622966170310974,1,triangle_r100,lychrel_887,1
person,1,0.562,YOLO11,7.622966170310974,1,triangle_r100,lychrel_1997,1
person,1,0.586,YOLO11,7.622966170310974,1,triangle_r100,lychrel_2998,1
person,1,0.257,YOLO11,7.622966170310974,1,triangle_r100,stripes_h_13px,2
traffic light,1,0.251,YOLO11,7.622966170310974,1,triangle_r100,stripes_h_13px,2
person,1,0.608,YOLO11,7.622966170310974,1,triangle_r100,stripes_d_13px,1
person,1,0.399,YOLO11,7.622966170310974,1,triangle_r100,stripes_h_32px,2
traffic light,1,0.261,YOLO11,7.622966170310974,1,triangle_r100,stripes_h_32px,2
person,1,0.278,YOLO11,7.622966170310974,1,triangle_r100,stripes_v_13px,1
person,1,0.514,YOLO11,7.622966170310974,1,triangle_r100,composite_167_208,2
traffic light,1,0.251,YOLO11,7.622966170310974,1,triangle_r100,composite_167_208,2
person,1,0.474,YOLO11,7.622966170310974,1,triangle_r100,composite_167_inv196,2
traffic light,1,0.251,YOLO11,7.622966170310974,1,triangle_r100,composite_167_inv196,2
umbrella,1,0.677,YOLO11,7.622966170310974,1,triangle_r100,random_noise,2
person,1,0.589,YOLO11,7.622966170310974,1,triangle_r100,random_noise,2
person,1,0.408,YOLO11,7.622966170310974,1,triangle_r100,uniform_gray,2
traffic light,1,0.266,YOLO11,7.622966170310974,1,triangle_r100,uniform_gray,2
person,1,0.818,YOLO11,7.521265000104904,1,triangle_deformed,k167_d,2
umbrella,1,0.449,YOLO11,7.521265000104904,1,triangle_deformed,k167_d,2
umbrella,1,0.846,YOLO11,7.521265000104904,1,triangle_deformed,k208_d,2
person,1,0.825,YOLO11,7.521265000104904,1,triangle_deformed,k208_d,2
person,1,0.777,YOLO11,7.521265000104904,1,triangle_deformed,k196_d,1
person,1,0.783,YOLO11,7.521265000104904,1,triangle_deformed,rgb_167_208_196,2
traffic light,1,0.271,YOLO11,7.521265000104904,1,triangle_deformed,rgb_167_208_196,2
person,1,0.717,YOLO11,7.521265000104904,1,triangle_deformed,rgb_167_196_208,2
umbrella,1,0.482,YOLO11,7.521265000104904,1,triangle_deformed,rgb_167_196_208,2
person,1,0.783,YOLO11,7.521265000104904,1,triangle_deformed,rgb_208_167_196,2
traffic light,1,0.267,YOLO11,7.521265000104904,1,triangle_deformed,rgb_208_167_196,2
person,1,0.773,YOLO11,7.521265000104904,1,triangle_deformed,single_red_k167,2
umbrella,1,0.419,YOLO11,7.521265000104904,1,triangle_deformed,single_red_k167,2
person,1,0.821,YOLO11,7.521265000104904,1,triangle_deformed,single_green_k167,2
traffic light,1,0.259,YOLO11,7.521265000104904,1,triangle_deformed,single_green_k167,2
person,1,0.81,YOLO11,7.521265000104904,1,triangle_deformed,single_blue_k167,3
umbrella,1,0.264,YOLO11,7.521265000104904,1,triangle_deformed,single_blue_k167,3
traffic light,1,0.255,YOLO11,7.521265000104904,1,triangle_deformed,single_blue_k167,3
person,1,0.657,YOLO11,7.521265000104904,1,triangle_deformed,lychrel_196,2
traffic light,1,0.251,YOLO11,7.521265000104904,1,triangle_deformed,lychrel_196,2
person,1,0.803,YOLO11,7.521265000104904,1,triangle_deformed,lychrel_295,1
person,1,0.784,YOLO11,7.521265000104904,1,triangle_deformed,lychrel_394,2
traffic light,1,0.253,YOLO11,7.521265000104904,1,triangle_deformed,lychrel_394,2
person,1,0.784,YOLO11,7.521265000104904,1,triangle_deformed,lychrel_493,2
traffic light,1,0.253,YOLO11,7.521265000104904,1,triangle_deformed,lychrel_493,2
person,1,0.803,YOLO11,7.521265000104904,1,triangle_deformed,lychrel_592,1
person,1,0.747,YOLO11,7.521265000104904,1,triangle_deformed,lychrel_689,1
person,1,0.756,YOLO11,7.521265000104904,1,triangle_deformed,lychrel_788,1
person,1,0.756,YOLO11,7.521265000104904,1,triangle_deformed,lychrel_887,1
person,1,0.784,YOLO11,7.521265000104904,1,triangle_deformed,lychrel_1997,1
person,1,0.721,YOLO11,7.521265000104904,1,triangle_deformed,lychrel_2998,1
person,1,0.598,YOLO11,7.521265000104904,1,triangle_deformed,stripes_h_13px,1
person,1,0.772,YOLO11,7.521265000104904,1,triangle_deformed,stripes_d_13px,1
person,2,0.526,YOLO11,7.521265000104904,2,triangle_deformed,stripes_h_32px,2
person,1,0.681,YOLO11,7.521265000104904,1,triangle_deformed,stripes_v_13px,1
person,1,0.701,YOLO11,7.521265000104904,1,triangle_deformed,composite_167_208,2
traffic light,1,0.254,YOLO11,7.521265000104904,1,triangle_deformed,composite_167_208,2
person,1,0.82,YOLO11,7.521265000104904,1,triangle_deformed,composite_167_inv196,2
umbrella,1,0.458,YOLO11,7.521265000104904,1,triangle_deformed,composite_167_inv196,2
umbrella,1,0.823,YOLO11,7.521265000104904,1,triangle_deformed,random_noise,2
person,1,0.732,YOLO11,7.521265000104904,1,triangle_deformed,random_noise,2
person,1,0.734,YOLO11,7.521265000104904,1,triangle_deformed,uniform_gray,2
traffic light,1,0.254,YOLO11,7.521265000104904,1,triangle_deformed,uniform_gray,2
person,1,0.717,YOLO11,9.765046834945679,1,hexagon_r80,k167_d,2
traffic light,1,0.261,YOLO11,9.765046834945679,1,hexagon_r80,k167_d,2
person,1,0.723,YOLO11,9.765046834945679,1,hexagon_r80,k208_d,3
umbrella,1,0.362,YOLO11,9.765046834945679,1,hexagon_r80,k208_d,3
traffic light,1,0.285,YOLO11,9.765046834945679,1,hexagon_r80,k208_d,3
person,1,0.689,YOLO11,9.765046834945679,1,hexagon_r80,k196_d,2
traffic light,1,0.261,YOLO11,9.765046834945679,1,hexagon_r80,k196_d,2
person,1,0.737,YOLO11,9.765046834945679,1,hexagon_r80,rgb_167_208_196,2
traffic light,1,0.277,YOLO11,9.765046834945679,1,hexagon_r80,rgb_167_208_196,2
person,1,0.643,YOLO11,9.765046834945679,1,hexagon_r80,rgb_167_196_208,3
umbrella,1,0.501,YOLO11,9.765046834945679,1,hexagon_r80,rgb_167_196_208,3
traffic light,1,0.255,YOLO11,9.765046834945679,1,hexagon_r80,rgb_167_196_208,3
person,1,0.654,YOLO11,9.765046834945679,1,hexagon_r80,rgb_208_167_196,3
umbrella,1,0.394,YOLO11,9.765046834945679,1,hexagon_r80,rgb_208_167_196,3
traffic light,1,0.272,YOLO11,9.765046834945679,1,hexagon_r80,rgb_208_167_196,3
person,1,0.657,YOLO11,9.765046834945679,1,hexagon_r80,single_red_k167,3
umbrella,1,0.267,YOLO11,9.765046834945679,1,hexagon_r80,single_red_k167,3
traffic light,1,0.251,YOLO11,9.765046834945679,1,hexagon_r80,single_red_k167,3
person,1,0.765,YOLO11,9.765046834945679,1,hexagon_r80,single_green_k167,2
traffic light,1,0.263,YOLO11,9.765046834945679,1,hexagon_r80,single_green_k167,2
person,1,0.659,YOLO11,9.765046834945679,1,hexagon_r80,single_blue_k167,2
traffic light,1,0.258,YOLO11,9.765046834945679,1,hexagon_r80,single_blue_k167,2
person,1,0.639,YOLO11,9.765046834945679,1,hexagon_r80,lychrel_196,2
traffic light,1,0.264,YOLO11,9.765046834945679,1,hexagon_r80,lychrel_196,2
person,1,0.712,YOLO11,9.765046834945679,1,hexagon_r80,lychrel_295,2
traffic light,1,0.264,YOLO11,9.765046834945679,1,hexagon_r80,lychrel_295,2
person,1,0.61,YOLO11,9.765046834945679,1,hexagon_r80,lychrel_394,2
traffic light,1,0.265,YOLO11,9.765046834945679,1,hexagon_r80,lychrel_394,2
person,1,0.61,YOLO11,9.765046834945679,1,hexagon_r80,lychrel_493,2
traffic light,1,0.265,YOLO11,9.765046834945679,1,hexagon_r80,lychrel_493,2
person,1,0.712,YOLO11,9.765046834945679,1,hexagon_r80,lychrel_592,2
traffic light,1,0.264,YOLO11,9.765046834945679,1,hexagon_r80,lychrel_592,2
person,1,0.608,YOLO11,9.765046834945679,1,hexagon_r80,lychrel_689,2
traffic light,1,0.258,YOLO11,9.765046834945679,1,hexagon_r80,lychrel_689,2
person,1,0.664,YOLO11,9.765046834945679,1,hexagon_r80,lychrel_788,2
traffic light,1,0.255,YOLO11,9.765046834945679,1,hexagon_r80,lychrel_788,2
person,1,0.664,YOLO11,9.765046834945679,1,hexagon_r80,lychrel_887,2
traffic light,1,0.255,YOLO11,9.765046834945679,1,hexagon_r80,lychrel_887,2
person,1,0.68,YOLO11,9.765046834945679,1,hexagon_r80,lychrel_1997,2
traffic light,1,0.263,YOLO11,9.765046834945679,1,hexagon_r80,lychrel_1997,2
person,1,0.618,YOLO11,9.765046834945679,1,hexagon_r80,lychrel_2998,2
traffic light,1,0.252,YOLO11,9.765046834945679,1,hexagon_r80,lychrel_2998,2
person,1,0.617,YOLO11,9.765046834945679,1,hexagon_r80,stripes_h_13px,2
traffic light,1,0.259,YOLO11,9.765046834945679,1,hexagon_r80,stripes_h_13px,2
person,1,0.737,YOLO11,9.765046834945679,1,hexagon_r80,stripes_d_13px,2
umbrella,1,0.359,YOLO11,9.765046834945679,1,hexagon_r80,stripes_d_13px,2
person,1,0.424,YOLO11,9.765046834945679,1,hexagon_r80,stripes_h_32px,2
traffic light,1,0.271,YOLO11,9.765046834945679,1,hexagon_r80,stripes_h_32px,2
person,1,0.464,YOLO11,9.765046834945679,1,hexagon_r80,stripes_v_13px,1
person,1,0.61,YOLO11,9.765046834945679,1,hexagon_r80,composite_167_208,2
traffic light,1,0.262,YOLO11,9.765046834945679,1,hexagon_r80,composite_167_208,2
person,1,0.717,YOLO11,9.765046834945679,1,hexagon_r80,composite_167_inv196,2
traffic light,1,0.261,YOLO11,9.765046834945679,1,hexagon_r80,composite_167_inv196,2
umbrella,1,0.766,YOLO11,9.765046834945679,1,hexagon_r80,random_noise,2
person,1,0.713,YOLO11,9.765046834945679,1,hexagon_r80,random_noise,2
person,1,0.339,YOLO11,9.765046834945679,1,hexagon_r80,uniform_gray,2
traffic light,1,0.26,YOLO11,9.765046834945679,1,hexagon_r80,uniform_gray,2
person,1,0.795,YOLO11,10.754900425672531,1,octagon_deformed,k167_d,3
umbrella,1,0.544,YOLO11,10.754900425672531,1,octagon_deformed,k167_d,3
traffic light,1,0.258,YOLO11,10.754900425672531,1,octagon_deformed,k167_d,3
umbrella,1,0.864,YOLO11,10.754900425672531,1,octagon_deformed,k208_d,3
person,1,0.781,YOLO11,10.754900425672531,1,octagon_deformed,k208_d,3
traffic light,1,0.276,YOLO11,10.754900425672531,1,octagon_deformed,k208_d,3
person,1,0.599,YOLO11,10.754900425672531,1,octagon_deformed,k196_d,3
umbrella,1,0.593,YOLO11,10.754900425672531,1,octagon_deformed,k196_d,3
traffic light,1,0.26,YOLO11,10.754900425672531,1,octagon_deformed,k196_d,3
person,1,0.508,YOLO11,10.754900425672531,1,octagon_deformed,rgb_167_208_196,2
traffic light,1,0.28,YOLO11,10.754900425672531,1,octagon_deformed,rgb_167_208_196,2
umbrella,1,0.712,YOLO11,10.754900425672531,1,octagon_deformed,rgb_167_196_208,2
person,1,0.506,YOLO11,10.754900425672531,1,octagon_deformed,rgb_167_196_208,2
umbrella,1,0.465,YOLO11,10.754900425672531,1,octagon_deformed,rgb_208_167_196,3
person,1,0.418,YOLO11,10.754900425672531,1,octagon_deformed,rgb_208_167_196,3
traffic light,1,0.272,YOLO11,10.754900425672531,1,octagon_deformed,rgb_208_167_196,3
person,1,0.74,YOLO11,10.754900425672531,1,octagon_deformed,single_red_k167,2
umbrella,1,0.503,YOLO11,10.754900425672531,1,octagon_deformed,single_red_k167,2
person,1,0.775,YOLO11,10.754900425672531,1,octagon_deformed,single_green_k167,2
traffic light,1,0.27,YOLO11,10.754900425672531,1,octagon_deformed,single_green_k167,2
person,1,0.609,YOLO11,10.754900425672531,1,octagon_deformed,single_blue_k167,3
umbrella,1,0.298,YOLO11,10.754900425672531,1,octagon_deformed,single_blue_k167,3
traffic light,1,0.267,YOLO11,10.754900425672531,1,octagon_deformed,single_blue_k167,3
person,1,0.591,YOLO11,10.754900425672531,1,octagon_deformed,lychrel_196,2
traffic light,1,0.264,YOLO11,10.754900425672531,1,octagon_deformed,lychrel_196,2
person,1,0.76,YOLO11,10.754900425672531,1,octagon_deformed,lychrel_295,2
traffic light,1,0.269,YOLO11,10.754900425672531,1,octagon_deformed,lychrel_295,2
person,1,0.679,YOLO11,10.754900425672531,1,octagon_deformed,lychrel_394,2
traffic light,1,0.264,YOLO11,10.754900425672531,1,octagon_deformed,lychrel_394,2
person,1,0.679,YOLO11,10.754900425672531,1,octagon_deformed,lychrel_493,2
traffic light,1,0.264,YOLO11,10.754900425672531,1,octagon_deformed,lychrel_493,2
person,1,0.76,YOLO11,10.754900425672531,1,octagon_deformed,lychrel_592,2
traffic light,1,0.269,YOLO11,10.754900425672531,1,octagon_deformed,lychrel_592,2
person,1,0.594,YOLO11,10.754900425672531,1,octagon_deformed,lychrel_689,2
traffic light,1,0.257,YOLO11,10.754900425672531,1,octagon_deformed,lychrel_689,2
person,1,0.595,YOLO11,10.754900425672531,1,octagon_deformed,lychrel_788,2
traffic light,1,0.255,YOLO11,10.754900425672531,1,octagon_deformed,lychrel_788,2
person,1,0.595,YOLO11,10.754900425672531,1,octagon_deformed,lychrel_887,2
traffic light,1,0.255,YOLO11,10.754900425672531,1,octagon_deformed,lychrel_887,2
person,1,0.601,YOLO11,10.754900425672531,1,octagon_deformed,lychrel_1997,2
traffic light,1,0.261,YOLO11,10.754900425672531,1,octagon_deformed,lychrel_1997,2
person,1,0.465,YOLO11,10.754900425672531,1,octagon_deformed,lychrel_2998,2
traffic light,1,0.251,YOLO11,10.754900425672531,1,octagon_deformed,lychrel_2998,2
person,1,0.275,YOLO11,10.754900425672531,1,octagon_deformed,stripes_h_13px,2
traffic light,1,0.275,YOLO11,10.754900425672531,1,octagon_deformed,stripes_h_13px,2
person,1,0.567,YOLO11,10.754900425672531,1,octagon_deformed,stripes_d_13px,2
umbrella,1,0.34,YOLO11,10.754900425672531,1,octagon_deformed,stripes_d_13px,2
traffic light,1,0.29,YOLO11,10.754900425672531,0,octagon_deformed,stripes_h_32px,1
person,1,0.445,YOLO11,10.754900425672531,1,octagon_deformed,stripes_v_13px,1
person,1,0.598,YOLO11,10.754900425672531,1,octagon_deformed,composite_167_208,2
traffic light,1,0.254,YOLO11,10.754900425672531,1,octagon_deformed,composite_167_208,2
person,1,0.796,YOLO11,10.754900425672531,1,octagon_deformed,composite_167_inv196,3
umbrella,1,0.55,YOLO11,10.754900425672531,1,octagon_deformed,composite_167_inv196,3
traffic light,1,0.259,YOLO11,10.754900425672531,1,octagon_deformed,composite_167_inv196,3
umbrella,1,0.855,YOLO11,10.754900425672531,1,octagon_deformed,random_noise,2
person,1,0.738,YOLO11,10.754900425672531,1,octagon_deformed,random_noise,2
umbrella,1,0.454,YOLO11,10.754900425672531,0,octagon_deformed,uniform_gray,2
traffic light,1,0.27,YOLO11,10.754900425672531,0,octagon_deformed,uniform_gray,2
person,1,0.833,YOLO11,3.856554999947548,1,sierpinski_d3,k167_d,1
person,1,0.758,YOLO11,3.856554999947548,1,sierpinski_d3,k208_d,1
person,1,0.716,YOLO11,3.856554999947548,1,sierpinski_d3,k196_d,1
person,1,0.805,YOLO11,3.856554999947548,1,sierpinski_d3,rgb_167_208_196,3
umbrella,1,0.327,YOLO11,3.856554999947548,1,sierpinski_d3,rgb_167_208_196,3
traffic light,1,0.25,YOLO11,3.856554999947548,1,sierpinski_d3,rgb_167_208_196,3
person,1,0.745,YOLO11,3.856554999947548,1,sierpinski_d3,rgb_167_196_208,2
umbrella,1,0.593,YOLO11,3.856554999947548,1,sierpinski_d3,rgb_167_196_208,2
person,1,0.788,YOLO11,3.856554999947548,1,sierpinski_d3,rgb_208_167_196,2
tie,1,0.436,YOLO11,3.856554999947548,1,sierpinski_d3,rgb_208_167_196,2
person,1,0.695,YOLO11,3.856554999947548,1,sierpinski_d3,single_red_k167,1
person,1,0.609,YOLO11,3.856554999947548,1,sierpinski_d3,single_green_k167,1
person,1,0.616,YOLO11,3.856554999947548,1,sierpinski_d3,single_blue_k167,1
umbrella,1,0.729,YOLO11,3.856554999947548,1,sierpinski_d3,lychrel_196,2
person,1,0.689,YOLO11,3.856554999947548,1,sierpinski_d3,lychrel_196,2
person,1,0.8,YOLO11,3.856554999947548,1,sierpinski_d3,lychrel_295,2
umbrella,1,0.358,YOLO11,3.856554999947548,1,sierpinski_d3,lychrel_295,2
person,1,0.767,YOLO11,3.856554999947548,1,sierpinski_d3,lychrel_394,2
umbrella,1,0.591,YOLO11,3.856554999947548,1,sierpinski_d3,lychrel_394,2
person,1,0.767,YOLO11,3.856554999947548,1,sierpinski_d3,lychrel_493,2
umbrella,1,0.591,YOLO11,3.856554999947548,1,sierpinski_d3,lychrel_493,2
person,1,0.8,YOLO11,3.856554999947548,1,sierpinski_d3,lychrel_592,2
umbrella,1,0.358,YOLO11,3.856554999947548,1,sierpinski_d3,lychrel_592,2
person,1,0.772,YOLO11,3.856554999947548,1,sierpinski_d3,lychrel_689,2
umbrella,1,0.614,YOLO11,3.856554999947548,1,sierpinski_d3,lychrel_689,2
umbrella,1,0.771,YOLO11,3.856554999947548,1,sierpinski_d3,lychrel_788,2
person,1,0.76,YOLO11,3.856554999947548,1,sierpinski_d3,lychrel_788,2
umbrella,1,0.771,YOLO11,3.856554999947548,1,sierpinski_d3,lychrel_887,2
person,1,0.76,YOLO11,3.856554999947548,1,sierpinski_d3,lychrel_887,2
person,1,0.781,YOLO11,3.856554999947548,1,sierpinski_d3,lychrel_1997,2
umbrella,1,0.666,YOLO11,3.856554999947548,1,sierpinski_d3,lychrel_1997,2
umbrella,1,0.613,YOLO11,3.856554999947548,1,sierpinski_d3,lychrel_2998,2
person,1,0.604,YOLO11,3.856554999947548,1,sierpinski_d3,lychrel_2998,2
person,2,0.437,YOLO11,3.856554999947548,2,sierpinski_d3,stripes_h_13px,2
person,1,0.62,YOLO11,3.856554999947548,1,sierpinski_d3,stripes_d_13px,1
person,2,0.398,YOLO11,3.856554999947548,2,sierpinski_d3,stripes_h_32px,2
person,1,0.509,YOLO11,3.856554999947548,1,sierpinski_d3,stripes_v_13px,1
person,1,0.741,YOLO11,3.856554999947548,1,sierpinski_d3,composite_167_208,2
umbrella,1,0.334,YOLO11,3.856554999947548,1,sierpinski_d3,composite_167_208,2
person,1,0.833,YOLO11,3.856554999947548,1,sierpinski_d3,composite_167_inv196,1
person,1,0.605,YOLO11,3.856554999947548,1,sierpinski_d3,random_noise,1
person,1,0.618,YOLO11,3.856554999947548,1,sierpinski_d3,uniform_gray,1
person,1,0.878,YOLO11,3.1625602394342422,1,sierpinski_d4,k167_d,2
umbrella,1,0.344,YOLO11,3.1625602394342422,1,sierpinski_d4,k167_d,2
person,1,0.817,YOLO11,3.1625602394342422,1,sierpinski_d4,k208_d,1
person,1,0.862,YOLO11,3.1625602394342422,1,sierpinski_d4,k196_d,1
person,1,0.877,YOLO11,3.1625602394342422,1,sierpinski_d4,rgb_167_208_196,2
traffic light,1,0.261,YOLO11,3.1625602394342422,1,sierpinski_d4,rgb_167_208_196,2
person,1,0.85,YOLO11,3.1625602394342422,1,sierpinski_d4,rgb_167_196_208,2
umbrella,1,0.759,YOLO11,3.1625602394342422,1,sierpinski_d4,rgb_167_196_208,2
person,1,0.849,YOLO11,3.1625602394342422,1,sierpinski_d4,rgb_208_167_196,2
umbrella,1,0.711,YOLO11,3.1625602394342422,1,sierpinski_d4,rgb_208_167_196,2
person,1,0.861,YOLO11,3.1625602394342422,1,sierpinski_d4,single_red_k167,1
person,1,0.841,YOLO11,3.1625602394342422,1,sierpinski_d4,single_green_k167,1
person,1,0.862,YOLO11,3.1625602394342422,1,sierpinski_d4,single_blue_k167,1
person,1,0.876,YOLO11,3.1625602394342422,1,sierpinski_d4,lychrel_196,2
umbrella,1,0.556,YOLO11,3.1625602394342422,1,sierpinski_d4,lychrel_196,2
person,1,0.892,YOLO11,3.1625602394342422,1,sierpinski_d4,lychrel_295,2
umbrella,1,0.356,YOLO11,3.1625602394342422,1,sierpinski_d4,lychrel_295,2
person,1,0.888,YOLO11,3.1625602394342422,1,sierpinski_d4,lychrel_394,2
umbrella,1,0.571,YOLO11,3.1625602394342422,1,sierpinski_d4,lychrel_394,2
person,1,0.888,YOLO11,3.1625602394342422,1,sierpinski_d4,lychrel_493,2
umbrella,1,0.571,YOLO11,3.1625602394342422,1,sierpinski_d4,lychrel_493,2
person,1,0.892,YOLO11,3.1625602394342422,1,sierpinski_d4,lychrel_592,2
umbrella,1,0.356,YOLO11,3.1625602394342422,1,sierpinski_d4,lychrel_592,2
person,1,0.886,YOLO11,3.1625602394342422,1,sierpinski_d4,lychrel_689,2
umbrella,1,0.458,YOLO11,3.1625602394342422,1,sierpinski_d4,lychrel_689,2
person,1,0.886,YOLO11,3.1625602394342422,1,sierpinski_d4,lychrel_788,2
umbrella,1,0.573,YOLO11,3.1625602394342422,1,sierpinski_d4,lychrel_788,2
person,1,0.886,YOLO11,3.1625602394342422,1,sierpinski_d4,lychrel_887,2
umbrella,1,0.573,YOLO11,3.1625602394342422,1,sierpinski_d4,lychrel_887,2
person,1,0.888,YOLO11,3.1625602394342422,1,sierpinski_d4,lychrel_1997,2
umbrella,1,0.432,YOLO11,3.1625602394342422,1,sierpinski_d4,lychrel_1997,2
person,1,0.883,YOLO11,3.1625602394342422,1,sierpinski_d4,lychrel_2998,2
umbrella,1,0.284,YOLO11,3.1625602394342422,1,sierpinski_d4,lychrel_2998,2
person,3,0.34,YOLO11,3.1625602394342422,3,sierpinski_d4,stripes_h_13px,3
person,1,0.806,YOLO11,3.1625602394342422,1,sierpinski_d4,stripes_d_13px,1
person,1,0.54,YOLO11,3.1625602394342422,1,sierpinski_d4,stripes_h_32px,1
person,1,0.608,YOLO11,3.1625602394342422,1,sierpinski_d4,stripes_v_13px,1
person,1,0.868,YOLO11,3.1625602394342422,1,sierpinski_d4,composite_167_208,2
umbrella,1,0.394,YOLO11,3.1625602394342422,1,sierpinski_d4,composite_167_208,2
person,1,0.879,YOLO11,3.1625602394342422,1,sierpinski_d4,composite_167_inv196,2
umbrella,1,0.332,YOLO11,3.1625602394342422,1,sierpinski_d4,composite_167_inv196,2
person,1,0.877,YOLO11,3.1625602394342422,1,sierpinski_d4,random_noise,1
person,1,0.637,YOLO11,3.1625602394342422,1,sierpinski_d4,uniform_gray,1
person,1,0.864,YOLO11,8.203125,1,nested_tri_5,k167_d,2
traffic light,1,0.264,YOLO11,8.203125,1,nested_tri_5,k167_d,2
person,1,0.874,YOLO11,8.203125,1,nested_tri_5,k208_d,2
traffic light,1,0.285,YOLO11,8.203125,1,nested_tri_5,k208_d,2
person,1,0.879,YOLO11,8.203125,1,nested_tri_5,k196_d,2
traffic light,1,0.263,YOLO11,8.203125,1,nested_tri_5,k196_d,2
person,1,0.881,YOLO11,8.203125,1,nested_tri_5,rgb_167_208_196,2
traffic light,1,0.276,YOLO11,8.203125,1,nested_tri_5,rgb_167_208_196,2
person,1,0.879,YOLO11,8.203125,1,nested_tri_5,rgb_167_196_208,2
umbrella,1,0.528,YOLO11,8.203125,1,nested_tri_5,rgb_167_196_208,2
person,1,0.879,YOLO11,8.203125,1,nested_tri_5,rgb_208_167_196,3
umbrella,1,0.639,YOLO11,8.203125,1,nested_tri_5,rgb_208_167_196,3
traffic light,1,0.258,YOLO11,8.203125,1,nested_tri_5,rgb_208_167_196,3
person,1,0.87,YOLO11,8.203125,1,nested_tri_5,single_red_k167,1
person,1,0.872,YOLO11,8.203125,1,nested_tri_5,single_green_k167,2
traffic light,1,0.264,YOLO11,8.203125,1,nested_tri_5,single_green_k167,2
person,1,0.869,YOLO11,8.203125,1,nested_tri_5,single_blue_k167,2
traffic light,1,0.256,YOLO11,8.203125,1,nested_tri_5,single_blue_k167,2
person,1,0.868,YOLO11,8.203125,1,nested_tri_5,lychrel_196,1
person,1,0.866,YOLO11,8.203125,1,nested_tri_5,lychrel_295,2
traffic light,1,0.268,YOLO11,8.203125,1,nested_tri_5,lychrel_295,2
person,1,0.864,YOLO11,8.203125,1,nested_tri_5,lychrel_394,2
traffic light,1,0.262,YOLO11,8.203125,1,nested_tri_5,lychrel_394,2
person,1,0.864,YOLO11,8.203125,1,nested_tri_5,lychrel_493,2
traffic light,1,0.262,YOLO11,8.203125,1,nested_tri_5,lychrel_493,2
person,1,0.866,YOLO11,8.203125,1,nested_tri_5,lychrel_592,2
traffic light,1,0.268,YOLO11,8.203125,1,nested_tri_5,lychrel_592,2
person,1,0.866,YOLO11,8.203125,1,nested_tri_5,lychrel_689,1
person,1,0.869,YOLO11,8.203125,1,nested_tri_5,lychrel_788,1
person,1,0.869,YOLO11,8.203125,1,nested_tri_5,lychrel_887,1
person,1,0.862,YOLO11,8.203125,1,nested_tri_5,lychrel_1997,2
traffic light,1,0.251,YOLO11,8.203125,1,nested_tri_5,lychrel_1997,2
person,1,0.863,YOLO11,8.203125,1,nested_tri_5,lychrel_2998,1
person,1,0.868,YOLO11,8.203125,1,nested_tri_5,stripes_h_13px,1
person,1,0.862,YOLO11,8.203125,1,nested_tri_5,stripes_d_13px,1
person,2,0.872,YOLO11,8.203125,2,nested_tri_5,stripes_h_32px,2
person,1,0.861,YOLO11,8.203125,1,nested_tri_5,stripes_v_13px,1
person,1,0.874,YOLO11,8.203125,1,nested_tri_5,composite_167_208,1
person,1,0.864,YOLO11,8.203125,1,nested_tri_5,composite_167_inv196,2
traffic light,1,0.264,YOLO11,8.203125,1,nested_tri_5,composite_167_inv196,2
person,1,0.843,YOLO11,8.203125,1,nested_tri_5,random_noise,1
person,1,0.853,YOLO11,8.203125,1,nested_tri_5,uniform_gray,1
person,1,0.845,YOLO11,2.749399095773697,1,triangle_small_r60,k167_d,2
umbrella,1,0.387,YOLO11,2.749399095773697,1,triangle_small_r60,k167_d,2
umbrella,1,0.825,YOLO11,2.749399095773697,1,triangle_small_r60,k208_d,2
person,1,0.821,YOLO11,2.749399095773697,1,triangle_small_r60,k208_d,2
person,1,0.818,YOLO11,2.749399095773697,1,triangle_small_r60,k196_d,2
traffic light,1,0.253,YOLO11,2.749399095773697,1,triangle_small_r60,k196_d,2
person,1,0.808,YOLO11,2.749399095773697,1,triangle_small_r60,rgb_167_208_196,2
traffic light,1,0.257,YOLO11,2.749399095773697,1,triangle_small_r60,rgb_167_208_196,2
person,1,0.813,YOLO11,2.749399095773697,1,triangle_small_r60,rgb_167_196_208,2
umbrella,1,0.25,YOLO11,2.749399095773697,1,triangle_small_r60,rgb_167_196_208,2
person,1,0.811,YOLO11,2.749399095773697,1,triangle_small_r60,rgb_208_167_196,2
traffic light,1,0.252,YOLO11,2.749399095773697,1,triangle_small_r60,rgb_208_167_196,2
person,1,0.816,YOLO11,2.749399095773697,1,triangle_small_r60,single_red_k167,2
umbrella,1,0.414,YOLO11,2.749399095773697,1,triangle_small_r60,single_red_k167,2
person,1,0.833,YOLO11,2.749399095773697,1,triangle_small_r60,single_green_k167,1
person,1,0.819,YOLO11,2.749399095773697,1,triangle_small_r60,single_blue_k167,2
umbrella,1,0.322,YOLO11,2.749399095773697,1,triangle_small_r60,single_blue_k167,2
person,1,0.794,YOLO11,2.749399095773697,1,triangle_small_r60,lychrel_196,1
person,1,0.838,YOLO11,2.749399095773697,1,triangle_small_r60,lychrel_295,2
umbrella,1,0.335,YOLO11,2.749399095773697,1,triangle_small_r60,lychrel_295,2
person,1,0.814,YOLO11,2.749399095773697,1,triangle_small_r60,lychrel_394,2
traffic light,1,0.251,YOLO11,2.749399095773697,1,triangle_small_r60,lychrel_394,2
person,1,0.814,YOLO11,2.749399095773697,1,triangle_small_r60,lychrel_493,2
traffic light,1,0.251,YOLO11,2.749399095773697,1,triangle_small_r60,lychrel_493,2
person,1,0.838,YOLO11,2.749399095773697,1,triangle_small_r60,lychrel_592,2
umbrella,1,0.335,YOLO11,2.749399095773697,1,triangle_small_r60,lychrel_592,2
person,1,0.818,YOLO11,2.749399095773697,1,triangle_small_r60,lychrel_689,1
person,1,0.816,YOLO11,2.749399095773697,1,triangle_small_r60,lychrel_788,1
person,1,0.816,YOLO11,2.749399095773697,1,triangle_small_r60,lychrel_887,1
person,1,0.832,YOLO11,2.749399095773697,1,triangle_small_r60,lychrel_1997,1
person,1,0.804,YOLO11,2.749399095773697,1,triangle_small_r60,lychrel_2998,1
person,1,0.569,YOLO11,2.749399095773697,1,triangle_small_r60,stripes_h_13px,1
person,1,0.794,YOLO11,2.749399095773697,1,triangle_small_r60,stripes_d_13px,1
person,1,0.643,YOLO11,2.749399095773697,1,triangle_small_r60,stripes_h_32px,1
person,2,0.651,YOLO11,2.749399095773697,2,triangle_small_r60,stripes_v_13px,2
person,1,0.801,YOLO11,2.749399095773697,1,triangle_small_r60,composite_167_208,2
traffic light,1,0.25,YOLO11,2.749399095773697,1,triangle_small_r60,composite_167_208,2
person,1,0.845,YOLO11,2.749399095773697,1,triangle_small_r60,composite_167_inv196,2
umbrella,1,0.384,YOLO11,2.749399095773697,1,triangle_small_r60,composite_167_inv196,2
person,1,0.821,YOLO11,2.749399095773697,1,triangle_small_r60,random_noise,2
umbrella,1,0.818,YOLO11,2.749399095773697,1,triangle_small_r60,random_noise,2
person,1,0.797,YOLO11,2.749399095773697,1,triangle_small_r60,uniform_gray,3
umbrella,1,0.672,YOLO11,2.749399095773697,1,triangle_small_r60,uniform_gray,3
traffic light,1,0.252,YOLO11,2.749399095773697,1,triangle_small_r60,uniform_gray,3
person,1,0.776,YOLO11,16.265833377838135,1,deformed_r12_large,k167_d,2
traffic light,1,0.277,YOLO11,16.265833377838135,1,deformed_r12_large,k167_d,2
person,1,0.795,YOLO11,16.265833377838135,1,deformed_r12_large,k208_d,2
traffic light,1,0.307,YOLO11,16.265833377838135,1,deformed_r12_large,k208_d,2
person,1,0.784,YOLO11,16.265833377838135,1,deformed_r12_large,k196_d,2
traffic light,1,0.283,YOLO11,16.265833377838135,1,deformed_r12_large,k196_d,2
person,1,0.772,YOLO11,16.265833377838135,1,deformed_r12_large,rgb_167_208_196,2
traffic light,1,0.311,YOLO11,16.265833377838135,1,deformed_r12_large,rgb_167_208_196,2
person,1,0.764,YOLO11,16.265833377838135,1,deformed_r12_large,rgb_167_196_208,2
traffic light,1,0.275,YOLO11,16.265833377838135,1,deformed_r12_large,rgb_167_196_208,2
person,1,0.721,YOLO11,16.265833377838135,1,deformed_r12_large,rgb_208_167_196,2
traffic light,1,0.299,YOLO11,16.265833377838135,1,deformed_r12_large,rgb_208_167_196,2
person,1,0.764,YOLO11,16.265833377838135,1,deformed_r12_large,single_red_k167,2
traffic light,1,0.262,YOLO11,16.265833377838135,1,deformed_r12_large,single_red_k167,2
person,1,0.778,YOLO11,16.265833377838135,1,deformed_r12_large,single_green_k167,2
traffic light,1,0.278,YOLO11,16.265833377838135,1,deformed_r12_large,single_green_k167,2
person,1,0.732,YOLO11,16.265833377838135,1,deformed_r12_large,single_blue_k167,2
traffic light,1,0.269,YOLO11,16.265833377838135,1,deformed_r12_large,single_blue_k167,2
person,1,0.776,YOLO11,16.265833377838135,1,deformed_r12_large,lychrel_196,2
traffic light,1,0.275,YOLO11,16.265833377838135,1,deformed_r12_large,lychrel_196,2
person,1,0.763,YOLO11,16.265833377838135,1,deformed_r12_large,lychrel_295,2
traffic light,1,0.281,YOLO11,16.265833377838135,1,deformed_r12_large,lychrel_295,2
person,1,0.769,YOLO11,16.265833377838135,1,deformed_r12_large,lychrel_394,2
traffic light,1,0.287,YOLO11,16.265833377838135,1,deformed_r12_large,lychrel_394,2
person,1,0.769,YOLO11,16.265833377838135,1,deformed_r12_large,lychrel_493,2
traffic light,1,0.287,YOLO11,16.265833377838135,1,deformed_r12_large,lychrel_493,2
person,1,0.763,YOLO11,16.265833377838135,1,deformed_r12_large,lychrel_592,2
traffic light,1,0.281,YOLO11,16.265833377838135,1,deformed_r12_large,lychrel_592,2
person,1,0.753,YOLO11,16.265833377838135,1,deformed_r12_large,lychrel_689,2
traffic light,1,0.276,YOLO11,16.265833377838135,1,deformed_r12_large,lychrel_689,2
person,1,0.761,YOLO11,16.265833377838135,1,deformed_r12_large,lychrel_788,2
traffic light,1,0.267,YOLO11,16.265833377838135,1,deformed_r12_large,lychrel_788,2
person,1,0.761,YOLO11,16.265833377838135,1,deformed_r12_large,lychrel_887,2
traffic light,1,0.267,YOLO11,16.265833377838135,1,deformed_r12_large,lychrel_887,2
person,1,0.743,YOLO11,16.265833377838135,1,deformed_r12_large,lychrel_1997,2
traffic light,1,0.278,YOLO11,16.265833377838135,1,deformed_r12_large,lychrel_1997,2
person,1,0.699,YOLO11,16.265833377838135,1,deformed_r12_large,lychrel_2998,2
traffic light,1,0.269,YOLO11,16.265833377838135,1,deformed_r12_large,lychrel_2998,2
person,1,0.731,YOLO11,16.265833377838135,1,deformed_r12_large,stripes_h_13px,2
traffic light,1,0.266,YOLO11,16.265833377838135,1,deformed_r12_large,stripes_h_13px,2
person,1,0.776,YOLO11,16.265833377838135,1,deformed_r12_large,stripes_d_13px,2
traffic light,1,0.266,YOLO11,16.265833377838135,1,deformed_r12_large,stripes_d_13px,2
person,2,0.582,YOLO11,16.265833377838135,2,deformed_r12_large,stripes_h_32px,3
traffic light,1,0.261,YOLO11,16.265833377838135,2,deformed_r12_large,stripes_h_32px,3
person,1,0.628,YOLO11,16.265833377838135,1,deformed_r12_large,stripes_v_13px,1
person,1,0.785,YOLO11,16.265833377838135,1,deformed_r12_large,composite_167_208,2
traffic light,1,0.276,YOLO11,16.265833377838135,1,deformed_r12_large,composite_167_208,2
person,1,0.777,YOLO11,16.265833377838135,1,deformed_r12_large,composite_167_inv196,2
traffic light,1,0.278,YOLO11,16.265833377838135,1,deformed_r12_large,composite_167_inv196,2
person,1,0.68,YOLO11,16.265833377838135,1,deformed_r12_large,random_noise,3
umbrella,1,0.623,YOLO11,16.265833377838135,1,deformed_r12_large,random_noise,3
traffic light,1,0.26,YOLO11,16.265833377838135,1,deformed_r12_large,random_noise,3
person,1,0.585,YOLO11,16.265833377838135,1,deformed_r12_large,uniform_gray,2
traffic light,1,0.266,YOLO11,16.265833377838135,1,deformed_r12_large,uniform_gray,2
person,1,0.859,YOLO26,11.593356728553772,1,circle_r80,k167_d,2
umbrella,1,0.487,YOLO26,11.593356728553772,1,circle_r80,k167_d,2
person,1,0.741,YOLO26,11.593356728553772,1,circle_r80,k208_d,1
person,1,0.757,YOLO26,11.593356728553772,1,circle_r80,k196_d,1
umbrella,1,0.791,YOLO26,11.593356728553772,1,circle_r80,rgb_167_208_196,2
person,1,0.664,YOLO26,11.593356728553772,1,circle_r80,rgb_167_208_196,2
umbrella,1,0.843,YOLO26,11.593356728553772,1,circle_r80,rgb_167_196_208,2
person,1,0.664,YOLO26,11.593356728553772,1,circle_r80,rgb_167_196_208,2
umbrella,1,0.827,YOLO26,11.593356728553772,1,circle_r80,rgb_208_167_196,2
person,1,0.67,YOLO26,11.593356728553772,1,circle_r80,rgb_208_167_196,2
person,1,0.84,YOLO26,11.593356728553772,1,circle_r80,single_red_k167,2
umbrella,1,0.276,YOLO26,11.593356728553772,1,circle_r80,single_red_k167,2
person,1,0.815,YOLO26,11.593356728553772,1,circle_r80,single_green_k167,1
person,1,0.828,YOLO26,11.593356728553772,1,circle_r80,single_blue_k167,1
person,1,0.844,YOLO26,11.593356728553772,1,circle_r80,lychrel_196,2
umbrella,1,0.569,YOLO26,11.593356728553772,1,circle_r80,lychrel_196,2
person,1,0.849,YOLO26,11.593356728553772,1,circle_r80,lychrel_295,1
person,1,0.85,YOLO26,11.593356728553772,1,circle_r80,lychrel_394,2
umbrella,1,0.461,YOLO26,11.593356728553772,1,circle_r80,lychrel_394,2
person,1,0.85,YOLO26,11.593356728553772,1,circle_r80,lychrel_493,2
umbrella,1,0.461,YOLO26,11.593356728553772,1,circle_r80,lychrel_493,2
person,1,0.849,YOLO26,11.593356728553772,1,circle_r80,lychrel_592,1
person,1,0.845,YOLO26,11.593356728553772,1,circle_r80,lychrel_689,2
umbrella,1,0.41,YOLO26,11.593356728553772,1,circle_r80,lychrel_689,2
person,1,0.849,YOLO26,11.593356728553772,1,circle_r80,lychrel_788,1
person,1,0.849,YOLO26,11.593356728553772,1,circle_r80,lychrel_887,1
person,1,0.841,YOLO26,11.593356728553772,1,circle_r80,lychrel_1997,2
umbrella,1,0.535,YOLO26,11.593356728553772,1,circle_r80,lychrel_1997,2
person,1,0.829,YOLO26,11.593356728553772,1,circle_r80,lychrel_2998,2
umbrella,1,0.697,YOLO26,11.593356728553772,1,circle_r80,lychrel_2998,2
person,1,0.464,YOLO26,11.593356728553772,1,circle_r80,stripes_h_13px,1
person,1,0.654,YOLO26,11.593356728553772,1,circle_r80,stripes_d_13px,1
person,1,0.364,YOLO26,11.593356728553772,1,circle_r80,stripes_h_32px,1
person,1,0.832,YOLO26,11.593356728553772,1,circle_r80,composite_167_208,2
umbrella,1,0.357,YOLO26,11.593356728553772,1,circle_r80,composite_167_208,2
person,1,0.859,YOLO26,11.593356728553772,1,circle_r80,composite_167_inv196,2
umbrella,1,0.471,YOLO26,11.593356728553772,1,circle_r80,composite_167_inv196,2
person,1,0.856,YOLO26,11.593356728553772,1,circle_r80,random_noise,1
person,1,0.766,YOLO26,11.593356728553772,1,circle_r80,uniform_gray,1
person,1,0.7,YOLO26,7.622966170310974,1,triangle_r100,k167_d,1
person,1,0.772,YOLO26,7.622966170310974,1,triangle_r100,k208_d,2
umbrella,1,0.742,YOLO26,7.622966170310974,1,triangle_r100,k208_d,2
person,1,0.506,YOLO26,7.622966170310974,1,triangle_r100,k196_d,1
umbrella,1,0.702,YOLO26,7.622966170310974,1,triangle_r100,rgb_167_208_196,2
person,1,0.683,YOLO26,7.622966170310974,1,triangle_r100,rgb_167_208_196,2
umbrella,1,0.88,YOLO26,7.622966170310974,2,triangle_r100,rgb_167_196_208,3
person,2,0.377,YOLO26,7.622966170310974,2,triangle_r100,rgb_167_196_208,3
umbrella,1,0.722,YOLO26,7.622966170310974,1,triangle_r100,rgb_208_167_196,2
person,1,0.36,YOLO26,7.622966170310974,1,triangle_r100,rgb_208_167_196,2
person,1,0.782,YOLO26,7.622966170310974,1,triangle_r100,single_red_k167,2
umbrella,1,0.388,YOLO26,7.622966170310974,1,triangle_r100,single_red_k167,2
person,1,0.715,YOLO26,7.622966170310974,1,triangle_r100,single_green_k167,1
person,1,0.676,YOLO26,7.622966170310974,1,triangle_r100,single_blue_k167,2
umbrella,1,0.603,YOLO26,7.622966170310974,1,triangle_r100,single_blue_k167,2
person,2,0.497,YOLO26,7.622966170310974,2,triangle_r100,lychrel_196,2
person,2,0.521,YOLO26,7.622966170310974,2,triangle_r100,lychrel_295,3
umbrella,1,0.334,YOLO26,7.622966170310974,2,triangle_r100,lychrel_295,3
person,1,0.478,YOLO26,7.622966170310974,1,triangle_r100,lychrel_394,1
person,1,0.478,YOLO26,7.622966170310974,1,triangle_r100,lychrel_493,1
person,2,0.521,YOLO26,7.622966170310974,2,triangle_r100,lychrel_592,3
umbrella,1,0.334,YOLO26,7.622966170310974,2,triangle_r100,lychrel_592,3
person,2,0.365,YOLO26,7.622966170310974,2,triangle_r100,lychrel_689,2
person,1,0.477,YOLO26,7.622966170310974,1,triangle_r100,lychrel_788,1
person,1,0.477,YOLO26,7.622966170310974,1,triangle_r100,lychrel_887,1
person,2,0.458,YOLO26,7.622966170310974,2,triangle_r100,lychrel_1997,3
umbrella,1,0.341,YOLO26,7.622966170310974,2,triangle_r100,lychrel_1997,3
person,1,0.523,YOLO26,7.622966170310974,1,triangle_r100,lychrel_2998,1
person,1,0.667,YOLO26,7.622966170310974,1,triangle_r100,stripes_h_13px,1
person,1,0.424,YOLO26,7.622966170310974,1,triangle_r100,stripes_d_13px,1
person,1,0.329,YOLO26,7.622966170310974,1,triangle_r100,stripes_v_13px,1
person,2,0.304,YOLO26,7.622966170310974,2,triangle_r100,composite_167_208,2
person,1,0.713,YOLO26,7.622966170310974,1,triangle_r100,composite_167_inv196,1
umbrella,1,0.882,YOLO26,7.622966170310974,1,triangle_r100,random_noise,2
person,1,0.821,YOLO26,7.622966170310974,1,triangle_r100,random_noise,2
person,1,0.624,YOLO26,7.622966170310974,1,triangle_r100,uniform_gray,1
person,1,0.91,YOLO26,7.521265000104904,1,triangle_deformed,k167_d,2
umbrella,1,0.344,YOLO26,7.521265000104904,1,triangle_deformed,k167_d,2
person,1,0.911,YOLO26,7.521265000104904,1,triangle_deformed,k208_d,2
umbrella,1,0.603,YOLO26,7.521265000104904,1,triangle_deformed,k208_d,2
person,1,0.905,YOLO26,7.521265000104904,1,triangle_deformed,k196_d,2
umbrella,1,0.253,YOLO26,7.521265000104904,1,triangle_deformed,k196_d,2
umbrella,1,0.693,YOLO26,7.521265000104904,1,triangle_deformed,rgb_167_208_196,2
person,1,0.683,YOLO26,7.521265000104904,1,triangle_deformed,rgb_167_208_196,2
umbrella,1,0.819,YOLO26,7.521265000104904,2,triangle_deformed,rgb_167_196_208,3
person,2,0.512,YOLO26,7.521265000104904,2,triangle_deformed,rgb_167_196_208,3
umbrella,1,0.754,YOLO26,7.521265000104904,1,triangle_deformed,rgb_208_167_196,2
person,1,0.584,YOLO26,7.521265000104904,1,triangle_deformed,rgb_208_167_196,2
person,1,0.895,YOLO26,7.521265000104904,1,triangle_deformed,single_red_k167,2
umbrella,1,0.335,YOLO26,7.521265000104904,1,triangle_deformed,single_red_k167,2
person,1,0.925,YOLO26,7.521265000104904,1,triangle_deformed,single_green_k167,1
person,1,0.882,YOLO26,7.521265000104904,1,triangle_deformed,single_blue_k167,2
umbrella,1,0.407,YOLO26,7.521265000104904,1,triangle_deformed,single_blue_k167,2
person,1,0.892,YOLO26,7.521265000104904,1,triangle_deformed,lychrel_196,2
umbrella,1,0.378,YOLO26,7.521265000104904,1,triangle_deformed,lychrel_196,2
umbrella,1,0.488,YOLO26,7.521265000104904,2,triangle_deformed,lychrel_295,3
person,2,0.394,YOLO26,7.521265000104904,2,triangle_deformed,lychrel_295,3
person,1,0.92,YOLO26,7.521265000104904,1,triangle_deformed,lychrel_394,2
umbrella,1,0.521,YOLO26,7.521265000104904,1,triangle_deformed,lychrel_394,2
person,1,0.92,YOLO26,7.521265000104904,1,triangle_deformed,lychrel_493,2
umbrella,1,0.521,YOLO26,7.521265000104904,1,triangle_deformed,lychrel_493,2
umbrella,1,0.488,YOLO26,7.521265000104904,2,triangle_deformed,lychrel_592,3
person,2,0.394,YOLO26,7.521265000104904,2,triangle_deformed,lychrel_592,3
person,1,0.901,YOLO26,7.521265000104904,1,triangle_deformed,lychrel_689,1
person,1,0.878,YOLO26,7.521265000104904,1,triangle_deformed,lychrel_788,1
person,1,0.878,YOLO26,7.521265000104904,1,triangle_deformed,lychrel_887,1
person,1,0.92,YOLO26,7.521265000104904,1,triangle_deformed,lychrel_1997,2
umbrella,1,0.67,YOLO26,7.521265000104904,1,triangle_deformed,lychrel_1997,2
person,1,0.9,YOLO26,7.521265000104904,1,triangle_deformed,lychrel_2998,2
umbrella,1,0.483,YOLO26,7.521265000104904,1,triangle_deformed,lychrel_2998,2
person,1,0.775,YOLO26,7.521265000104904,1,triangle_deformed,stripes_h_13px,1
person,1,0.862,YOLO26,7.521265000104904,1,triangle_deformed,stripes_d_13px,2
umbrella,1,0.581,YOLO26,7.521265000104904,1,triangle_deformed,stripes_d_13px,2
person,1,0.877,YOLO26,7.521265000104904,1,triangle_deformed,stripes_h_32px,1
person,1,0.798,YOLO26,7.521265000104904,1,triangle_deformed,stripes_v_13px,2
umbrella,1,0.471,YOLO26,7.521265000104904,1,triangle_deformed,stripes_v_13px,2
person,1,0.87,YOLO26,7.521265000104904,1,triangle_deformed,composite_167_208,1
person,1,0.909,YOLO26,7.521265000104904,1,triangle_deformed,composite_167_inv196,2
umbrella,1,0.333,YOLO26,7.521265000104904,1,triangle_deformed,composite_167_inv196,2
person,1,0.815,YOLO26,7.521265000104904,1,triangle_deformed,random_noise,2
umbrella,1,0.746,YOLO26,7.521265000104904,1,triangle_deformed,random_noise,2
person,1,0.916,YOLO26,7.521265000104904,1,triangle_deformed,uniform_gray,1
umbrella,1,0.88,YOLO26,9.765046834945679,1,hexagon_r80,k167_d,2
person,1,0.855,YOLO26,9.765046834945679,1,hexagon_r80,k167_d,2
umbrella,1,0.907,YOLO26,9.765046834945679,1,hexagon_r80,k208_d,2
person,1,0.853,YOLO26,9.765046834945679,1,hexagon_r80,k208_d,2
person,1,0.865,YOLO26,9.765046834945679,1,hexagon_r80,k196_d,2
umbrella,1,0.369,YOLO26,9.765046834945679,1,hexagon_r80,k196_d,2
person,1,0.833,YOLO26,9.765046834945679,1,hexagon_r80,rgb_167_208_196,2
umbrella,1,0.76,YOLO26,9.765046834945679,1,hexagon_r80,rgb_167_208_196,2
person,1,0.8,YOLO26,9.765046834945679,1,hexagon_r80,rgb_167_196_208,2
umbrella,1,0.756,YOLO26,9.765046834945679,1,hexagon_r80,rgb_167_196_208,2
person,1,0.828,YOLO26,9.765046834945679,1,hexagon_r80,rgb_208_167_196,2
umbrella,1,0.775,YOLO26,9.765046834945679,1,hexagon_r80,rgb_208_167_196,2
person,1,0.862,YOLO26,9.765046834945679,1,hexagon_r80,single_red_k167,2
umbrella,1,0.85,YOLO26,9.765046834945679,1,hexagon_r80,single_red_k167,2
person,1,0.847,YOLO26,9.765046834945679,1,hexagon_r80,single_green_k167,2
umbrella,1,0.439,YOLO26,9.765046834945679,1,hexagon_r80,single_green_k167,2
person,1,0.852,YOLO26,9.765046834945679,1,hexagon_r80,single_blue_k167,2
umbrella,1,0.834,YOLO26,9.765046834945679,1,hexagon_r80,single_blue_k167,2
person,1,0.841,YOLO26,9.765046834945679,1,hexagon_r80,lychrel_196,2
umbrella,1,0.818,YOLO26,9.765046834945679,1,hexagon_r80,lychrel_196,2
umbrella,1,0.889,YOLO26,9.765046834945679,1,hexagon_r80,lychrel_295,2
person,1,0.855,YOLO26,9.765046834945679,1,hexagon_r80,lychrel_295,2
umbrella,1,0.897,YOLO26,9.765046834945679,1,hexagon_r80,lychrel_394,2
person,1,0.852,YOLO26,9.765046834945679,1,hexagon_r80,lychrel_394,2
umbrella,1,0.897,YOLO26,9.765046834945679,1,hexagon_r80,lychrel_493,2
person,1,0.852,YOLO26,9.765046834945679,1,hexagon_r80,lychrel_493,2
umbrella,1,0.889,YOLO26,9.765046834945679,1,hexagon_r80,lychrel_592,2
person,1,0.855,YOLO26,9.765046834945679,1,hexagon_r80,lychrel_592,2
person,1,0.85,YOLO26,9.765046834945679,1,hexagon_r80,lychrel_689,2
umbrella,1,0.747,YOLO26,9.765046834945679,1,hexagon_r80,lychrel_689,2
person,1,0.841,YOLO26,9.765046834945679,1,hexagon_r80,lychrel_788,2
umbrella,1,0.445,YOLO26,9.765046834945679,1,hexagon_r80,lychrel_788,2
person,1,0.841,YOLO26,9.765046834945679,1,hexagon_r80,lychrel_887,2
umbrella,1,0.445,YOLO26,9.765046834945679,1,hexagon_r80,lychrel_887,2
umbrella,1,0.885,YOLO26,9.765046834945679,1,hexagon_r80,lychrel_1997,2
person,1,0.84,YOLO26,9.765046834945679,1,hexagon_r80,lychrel_1997,2
person,1,0.829,YOLO26,9.765046834945679,1,hexagon_r80,lychrel_2998,2
umbrella,1,0.76,YOLO26,9.765046834945679,1,hexagon_r80,lychrel_2998,2
person,1,0.832,YOLO26,9.765046834945679,1,hexagon_r80,stripes_h_13px,1
person,1,0.87,YOLO26,9.765046834945679,1,hexagon_r80,stripes_d_13px,1
person,2,0.849,YOLO26,9.765046834945679,2,hexagon_r80,stripes_h_32px,2
person,1,0.586,YOLO26,9.765046834945679,1,hexagon_r80,stripes_v_13px,1
person,1,0.833,YOLO26,9.765046834945679,1,hexagon_r80,composite_167_208,1
umbrella,1,0.878,YOLO26,9.765046834945679,1,hexagon_r80,composite_167_inv196,2
person,1,0.855,YOLO26,9.765046834945679,1,hexagon_r80,composite_167_inv196,2
person,1,0.832,YOLO26,9.765046834945679,1,hexagon_r80,random_noise,2
umbrella,1,0.832,YOLO26,9.765046834945679,1,hexagon_r80,random_noise,2
person,1,0.842,YOLO26,9.765046834945679,1,hexagon_r80,uniform_gray,1
umbrella,1,0.869,YOLO26,10.754900425672531,1,octagon_deformed,k167_d,2
person,1,0.822,YOLO26,10.754900425672531,1,octagon_deformed,k167_d,2
umbrella,1,0.88,YOLO26,10.754900425672531,1,octagon_deformed,k208_d,2
person,1,0.849,YOLO26,10.754900425672531,1,octagon_deformed,k208_d,2
person,1,0.816,YOLO26,10.754900425672531,1,octagon_deformed,k196_d,2
umbrella,1,0.585,YOLO26,10.754900425672531,1,octagon_deformed,k196_d,2
umbrella,1,0.776,YOLO26,10.754900425672531,1,octagon_deformed,rgb_167_208_196,2
person,1,0.674,YOLO26,10.754900425672531,1,octagon_deformed,rgb_167_208_196,2
umbrella,1,0.847,YOLO26,10.754900425672531,1,octagon_deformed,rgb_167_196_208,2
person,1,0.677,YOLO26,10.754900425672531,1,octagon_deformed,rgb_167_196_208,2
umbrella,1,0.821,YOLO26,10.754900425672531,1,octagon_deformed,rgb_208_167_196,2
person,1,0.637,YOLO26,10.754900425672531,1,octagon_deformed,rgb_208_167_196,2
person,1,0.818,YOLO26,10.754900425672531,1,octagon_deformed,single_red_k167,2
umbrella,1,0.816,YOLO26,10.754900425672531,1,octagon_deformed,single_red_k167,2
person,1,0.773,YOLO26,10.754900425672531,1,octagon_deformed,single_green_k167,2
umbrella,1,0.332,YOLO26,10.754900425672531,1,octagon_deformed,single_green_k167,2
umbrella,1,0.828,YOLO26,10.754900425672531,1,octagon_deformed,single_blue_k167,2
person,1,0.762,YOLO26,10.754900425672531,1,octagon_deformed,single_blue_k167,2
umbrella,1,0.862,YOLO26,10.754900425672531,1,octagon_deformed,lychrel_196,2
person,1,0.797,YOLO26,10.754900425672531,1,octagon_deformed,lychrel_196,2
umbrella,1,0.891,YOLO26,10.754900425672531,1,octagon_deformed,lychrel_295,2
person,1,0.815,YOLO26,10.754900425672531,1,octagon_deformed,lychrel_295,2
umbrella,1,0.917,YOLO26,10.754900425672531,1,octagon_deformed,lychrel_394,2
person,1,0.79,YOLO26,10.754900425672531,1,octagon_deformed,lychrel_394,2
umbrella,1,0.917,YOLO26,10.754900425672531,1,octagon_deformed,lychrel_493,2
person,1,0.79,YOLO26,10.754900425672531,1,octagon_deformed,lychrel_493,2
umbrella,1,0.891,YOLO26,10.754900425672531,1,octagon_deformed,lychrel_592,2
person,1,0.815,YOLO26,10.754900425672531,1,octagon_deformed,lychrel_592,2
umbrella,1,0.883,YOLO26,10.754900425672531,1,octagon_deformed,lychrel_689,2
person,1,0.786,YOLO26,10.754900425672531,1,octagon_deformed,lychrel_689,2
person,1,0.795,YOLO26,10.754900425672531,1,octagon_deformed,lychrel_788,2
umbrella,1,0.629,YOLO26,10.754900425672531,1,octagon_deformed,lychrel_788,2
person,1,0.795,YOLO26,10.754900425672531,1,octagon_deformed,lychrel_887,2
umbrella,1,0.629,YOLO26,10.754900425672531,1,octagon_deformed,lychrel_887,2
umbrella,1,0.913,YOLO26,10.754900425672531,1,octagon_deformed,lychrel_1997,2
person,1,0.798,YOLO26,10.754900425672531,1,octagon_deformed,lychrel_1997,2
umbrella,1,0.91,YOLO26,10.754900425672531,1,octagon_deformed,lychrel_2998,2
person,1,0.794,YOLO26,10.754900425672531,1,octagon_deformed,lychrel_2998,2
person,1,0.3,YOLO26,10.754900425672531,1,octagon_deformed,stripes_h_13px,1
person,1,0.604,YOLO26,10.754900425672531,1,octagon_deformed,stripes_d_13px,1
umbrella,1,0.524,YOLO26,10.754900425672531,0,octagon_deformed,stripes_h_32px,1
person,1,0.782,YOLO26,10.754900425672531,1,octagon_deformed,composite_167_208,2
umbrella,1,0.383,YOLO26,10.754900425672531,1,octagon_deformed,composite_167_208,2
umbrella,1,0.867,YOLO26,10.754900425672531,1,octagon_deformed,composite_167_inv196,2
person,1,0.823,YOLO26,10.754900425672531,1,octagon_deformed,composite_167_inv196,2
umbrella,1,0.926,YOLO26,10.754900425672531,1,octagon_deformed,random_noise,2
person,1,0.844,YOLO26,10.754900425672531,1,octagon_deformed,random_noise,2
person,1,0.671,YOLO26,10.754900425672531,1,octagon_deformed,uniform_gray,1
person,1,0.926,YOLO26,3.856554999947548,1,sierpinski_d3,k167_d,1
person,1,0.931,YOLO26,3.856554999947548,1,sierpinski_d3,k208_d,1
person,1,0.926,YOLO26,3.856554999947548,1,sierpinski_d3,k196_d,1
person,1,0.925,YOLO26,3.856554999947548,1,sierpinski_d3,rgb_167_208_196,1
person,1,0.927,YOLO26,3.856554999947548,1,sierpinski_d3,rgb_167_196_208,1
person,1,0.923,YOLO26,3.856554999947548,1,sierpinski_d3,rgb_208_167_196,1
person,1,0.936,YOLO26,3.856554999947548,1,sierpinski_d3,single_red_k167,1
person,1,0.923,YOLO26,3.856554999947548,1,sierpinski_d3,single_green_k167,2
kite,1,0.371,YOLO26,3.856554999947548,1,sierpinski_d3,single_green_k167,2
person,1,0.925,YOLO26,3.856554999947548,1,sierpinski_d3,single_blue_k167,2
kite,1,0.353,YOLO26,3.856554999947548,1,sierpinski_d3,single_blue_k167,2
person,1,0.917,YOLO26,3.856554999947548,1,sierpinski_d3,lychrel_196,1
person,1,0.921,YOLO26,3.856554999947548,1,sierpinski_d3,lychrel_295,1
person,1,0.925,YOLO26,3.856554999947548,1,sierpinski_d3,lychrel_394,1
person,1,0.925,YOLO26,3.856554999947548,1,sierpinski_d3,lychrel_493,1
person,1,0.921,YOLO26,3.856554999947548,1,sierpinski_d3,lychrel_592,1
person,1,0.928,YOLO26,3.856554999947548,1,sierpinski_d3,lychrel_689,1
person,1,0.915,YOLO26,3.856554999947548,1,sierpinski_d3,lychrel_788,1
person,1,0.915,YOLO26,3.856554999947548,1,sierpinski_d3,lychrel_887,1
person,1,0.925,YOLO26,3.856554999947548,1,sierpinski_d3,lychrel_1997,1
person,1,0.925,YOLO26,3.856554999947548,1,sierpinski_d3,lychrel_2998,1
person,2,0.547,YOLO26,3.856554999947548,2,sierpinski_d3,stripes_h_13px,2
person,1,0.895,YOLO26,3.856554999947548,1,sierpinski_d3,stripes_d_13px,1
person,3,0.516,YOLO26,3.856554999947548,3,sierpinski_d3,stripes_h_32px,4
car,1,0.309,YOLO26,3.856554999947548,3,sierpinski_d3,stripes_h_32px,4
person,1,0.677,YOLO26,3.856554999947548,1,sierpinski_d3,stripes_v_13px,1
person,1,0.932,YOLO26,3.856554999947548,1,sierpinski_d3,composite_167_208,1
person,1,0.925,YOLO26,3.856554999947548,1,sierpinski_d3,composite_167_inv196,1
person,1,0.923,YOLO26,3.856554999947548,1,sierpinski_d3,random_noise,1
person,1,0.536,YOLO26,3.856554999947548,1,sierpinski_d3,uniform_gray,1
person,1,0.934,YOLO26,3.1625602394342422,1,sierpinski_d4,k167_d,1
person,1,0.937,YOLO26,3.1625602394342422,1,sierpinski_d4,k208_d,1
person,1,0.939,YOLO26,3.1625602394342422,1,sierpinski_d4,k196_d,1
person,1,0.921,YOLO26,3.1625602394342422,1,sierpinski_d4,rgb_167_208_196,1
person,1,0.903,YOLO26,3.1625602394342422,1,sierpinski_d4,rgb_167_196_208,2
umbrella,1,0.433,YOLO26,3.1625602394342422,1,sierpinski_d4,rgb_167_196_208,2
person,1,0.918,YOLO26,3.1625602394342422,1,sierpinski_d4,rgb_208_167_196,1
person,1,0.924,YOLO26,3.1625602394342422,1,sierpinski_d4,single_red_k167,1
person,1,0.918,YOLO26,3.1625602394342422,1,sierpinski_d4,single_green_k167,1
person,1,0.932,YOLO26,3.1625602394342422,1,sierpinski_d4,single_blue_k167,1
person,1,0.932,YOLO26,3.1625602394342422,1,sierpinski_d4,lychrel_196,1
person,1,0.931,YOLO26,3.1625602394342422,1,sierpinski_d4,lychrel_295,1
person,1,0.932,YOLO26,3.1625602394342422,1,sierpinski_d4,lychrel_394,1
person,1,0.932,YOLO26,3.1625602394342422,1,sierpinski_d4,lychrel_493,1
person,1,0.931,YOLO26,3.1625602394342422,1,sierpinski_d4,lychrel_592,1
person,1,0.933,YOLO26,3.1625602394342422,1,sierpinski_d4,lychrel_689,1
person,1,0.934,YOLO26,3.1625602394342422,1,sierpinski_d4,lychrel_788,1
person,1,0.934,YOLO26,3.1625602394342422,1,sierpinski_d4,lychrel_887,1
person,1,0.931,YOLO26,3.1625602394342422,1,sierpinski_d4,lychrel_1997,1
person,1,0.93,YOLO26,3.1625602394342422,1,sierpinski_d4,lychrel_2998,1
person,2,0.636,YOLO26,3.1625602394342422,2,sierpinski_d4,stripes_h_13px,2
person,1,0.924,YOLO26,3.1625602394342422,1,sierpinski_d4,stripes_d_13px,1
person,1,0.865,YOLO26,3.1625602394342422,1,sierpinski_d4,stripes_h_32px,1
person,1,0.866,YOLO26,3.1625602394342422,1,sierpinski_d4,stripes_v_13px,1
person,1,0.933,YOLO26,3.1625602394342422,1,sierpinski_d4,composite_167_208,1
person,1,0.934,YOLO26,3.1625602394342422,1,sierpinski_d4,composite_167_inv196,1
person,1,0.922,YOLO26,3.1625602394342422,1,sierpinski_d4,random_noise,1
person,1,0.907,YOLO26,3.1625602394342422,1,sierpinski_d4,uniform_gray,1
person,1,0.912,YOLO26,8.203125,1,nested_tri_5,k167_d,2
umbrella,1,0.588,YOLO26,8.203125,1,nested_tri_5,k167_d,2
person,1,0.911,YOLO26,8.203125,1,nested_tri_5,k208_d,2
umbrella,1,0.505,YOLO26,8.203125,1,nested_tri_5,k208_d,2
person,1,0.918,YOLO26,8.203125,1,nested_tri_5,k196_d,1
person,1,0.906,YOLO26,8.203125,1,nested_tri_5,rgb_167_208_196,2
umbrella,1,0.253,YOLO26,8.203125,1,nested_tri_5,rgb_167_208_196,2
person,1,0.914,YOLO26,8.203125,1,nested_tri_5,rgb_167_196_208,1
person,1,0.911,YOLO26,8.203125,1,nested_tri_5,rgb_208_167_196,1
person,1,0.909,YOLO26,8.203125,1,nested_tri_5,single_red_k167,1
person,1,0.909,YOLO26,8.203125,1,nested_tri_5,single_green_k167,1
person,1,0.911,YOLO26,8.203125,1,nested_tri_5,single_blue_k167,1
person,1,0.905,YOLO26,8.203125,1,nested_tri_5,lychrel_196,1
person,1,0.908,YOLO26,8.203125,1,nested_tri_5,lychrel_295,1
person,1,0.906,YOLO26,8.203125,1,nested_tri_5,lychrel_394,1
person,1,0.906,YOLO26,8.203125,1,nested_tri_5,lychrel_493,1
person,1,0.908,YOLO26,8.203125,1,nested_tri_5,lychrel_592,1
person,1,0.906,YOLO26,8.203125,1,nested_tri_5,lychrel_689,1
person,1,0.901,YOLO26,8.203125,1,nested_tri_5,lychrel_788,1
person,1,0.901,YOLO26,8.203125,1,nested_tri_5,lychrel_887,1
person,1,0.906,YOLO26,8.203125,1,nested_tri_5,lychrel_1997,1
person,1,0.907,YOLO26,8.203125,1,nested_tri_5,lychrel_2998,1
person,2,0.912,YOLO26,8.203125,2,nested_tri_5,stripes_h_13px,2
person,1,0.91,YOLO26,8.203125,1,nested_tri_5,stripes_d_13px,1
person,2,0.915,YOLO26,8.203125,2,nested_tri_5,stripes_h_32px,2
person,1,0.886,YOLO26,8.203125,1,nested_tri_5,stripes_v_13px,1
person,1,0.908,YOLO26,8.203125,1,nested_tri_5,composite_167_208,1
person,1,0.912,YOLO26,8.203125,1,nested_tri_5,composite_167_inv196,2
umbrella,1,0.584,YOLO26,8.203125,1,nested_tri_5,composite_167_inv196,2
person,1,0.884,YOLO26,8.203125,1,nested_tri_5,random_noise,2
umbrella,1,0.354,YOLO26,8.203125,1,nested_tri_5,random_noise,2
person,1,0.901,YOLO26,8.203125,1,nested_tri_5,uniform_gray,1
person,1,0.922,YOLO26,2.749399095773697,1,triangle_small_r60,k167_d,2
umbrella,1,0.8,YOLO26,2.749399095773697,1,triangle_small_r60,k167_d,2
person,1,0.922,YOLO26,2.749399095773697,1,triangle_small_r60,k208_d,2
umbrella,1,0.907,YOLO26,2.749399095773697,1,triangle_small_r60,k208_d,2
person,1,0.918,YOLO26,2.749399095773697,1,triangle_small_r60,k196_d,1
person,1,0.862,YOLO26,2.749399095773697,1,triangle_small_r60,rgb_167_208_196,1
person,1,0.902,YOLO26,2.749399095773697,1,triangle_small_r60,rgb_167_196_208,2
umbrella,1,0.464,YOLO26,2.749399095773697,1,triangle_small_r60,rgb_167_196_208,2
person,1,0.885,YOLO26,2.749399095773697,1,triangle_small_r60,rgb_208_167_196,1
person,1,0.9,YOLO26,2.749399095773697,1,triangle_small_r60,single_red_k167,2
umbrella,1,0.728,YOLO26,2.749399095773697,1,triangle_small_r60,single_red_k167,2
person,1,0.868,YOLO26,2.749399095773697,1,triangle_small_r60,single_green_k167,2
umbrella,1,0.33,YOLO26,2.749399095773697,1,triangle_small_r60,single_green_k167,2
umbrella,1,0.782,YOLO26,2.749399095773697,1,triangle_small_r60,single_blue_k167,2
person,1,0.74,YOLO26,2.749399095773697,1,triangle_small_r60,single_blue_k167,2
person,1,0.919,YOLO26,2.749399095773697,1,triangle_small_r60,lychrel_196,2
umbrella,1,0.483,YOLO26,2.749399095773697,1,triangle_small_r60,lychrel_196,2
person,1,0.921,YOLO26,2.749399095773697,1,triangle_small_r60,lychrel_295,2
umbrella,1,0.834,YOLO26,2.749399095773697,1,triangle_small_r60,lychrel_295,2
person,1,0.913,YOLO26,2.749399095773697,1,triangle_small_r60,lychrel_394,2
umbrella,1,0.665,YOLO26,2.749399095773697,1,triangle_small_r60,lychrel_394,2
person,1,0.913,YOLO26,2.749399095773697,1,triangle_small_r60,lychrel_493,2
umbrella,1,0.665,YOLO26,2.749399095773697,1,triangle_small_r60,lychrel_493,2
person,1,0.921,YOLO26,2.749399095773697,1,triangle_small_r60,lychrel_592,2
umbrella,1,0.834,YOLO26,2.749399095773697,1,triangle_small_r60,lychrel_592,2
person,1,0.917,YOLO26,2.749399095773697,1,triangle_small_r60,lychrel_689,2
umbrella,1,0.497,YOLO26,2.749399095773697,1,triangle_small_r60,lychrel_689,2
person,1,0.919,YOLO26,2.749399095773697,1,triangle_small_r60,lychrel_788,2
umbrella,1,0.367,YOLO26,2.749399095773697,1,triangle_small_r60,lychrel_788,2
person,1,0.919,YOLO26,2.749399095773697,1,triangle_small_r60,lychrel_887,2
umbrella,1,0.367,YOLO26,2.749399095773697,1,triangle_small_r60,lychrel_887,2
person,1,0.919,YOLO26,2.749399095773697,1,triangle_small_r60,lychrel_1997,2
umbrella,1,0.768,YOLO26,2.749399095773697,1,triangle_small_r60,lychrel_1997,2
person,1,0.917,YOLO26,2.749399095773697,1,triangle_small_r60,lychrel_2998,2
umbrella,1,0.651,YOLO26,2.749399095773697,1,triangle_small_r60,lychrel_2998,2
person,1,0.659,YOLO26,2.749399095773697,1,triangle_small_r60,stripes_h_13px,1
person,1,0.813,YOLO26,2.749399095773697,1,triangle_small_r60,stripes_d_13px,1
person,1,0.8,YOLO26,2.749399095773697,1,triangle_small_r60,stripes_h_32px,1
person,1,0.82,YOLO26,2.749399095773697,1,triangle_small_r60,stripes_v_13px,1
person,1,0.908,YOLO26,2.749399095773697,1,triangle_small_r60,composite_167_208,1
person,1,0.922,YOLO26,2.749399095773697,1,triangle_small_r60,composite_167_inv196,2
umbrella,1,0.797,YOLO26,2.749399095773697,1,triangle_small_r60,composite_167_inv196,2
person,1,0.917,YOLO26,2.749399095773697,1,triangle_small_r60,random_noise,2
umbrella,1,0.889,YOLO26,2.749399095773697,1,triangle_small_r60,random_noise,2
person,1,0.904,YOLO26,2.749399095773697,1,triangle_small_r60,uniform_gray,1
umbrella,1,0.837,YOLO26,16.265833377838135,1,deformed_r12_large,k167_d,2
person,1,0.828,YOLO26,16.265833377838135,1,deformed_r12_large,k167_d,2
person,1,0.833,YOLO26,16.265833377838135,1,deformed_r12_large,k208_d,2
umbrella,1,0.783,YOLO26,16.265833377838135,1,deformed_r12_large,k208_d,2
person,1,0.868,YOLO26,16.265833377838135,1,deformed_r12_large,k196_d,1
umbrella,1,0.809,YOLO26,16.265833377838135,1,deformed_r12_large,rgb_167_208_196,2
person,1,0.687,YOLO26,16.265833377838135,1,deformed_r12_large,rgb_167_208_196,2
person,1,0.821,YOLO26,16.265833377838135,1,deformed_r12_large,rgb_167_196_208,2
umbrella,1,0.784,YOLO26,16.265833377838135,1,deformed_r12_large,rgb_167_196_208,2
umbrella,1,0.799,YOLO26,16.265833377838135,1,deformed_r12_large,rgb_208_167_196,2
person,1,0.793,YOLO26,16.265833377838135,1,deformed_r12_large,rgb_208_167_196,2
umbrella,1,0.816,YOLO26,16.265833377838135,1,deformed_r12_large,single_red_k167,2
person,1,0.793,YOLO26,16.265833377838135,1,deformed_r12_large,single_red_k167,2
person,1,0.766,YOLO26,16.265833377838135,1,deformed_r12_large,single_green_k167,2
umbrella,1,0.412,YOLO26,16.265833377838135,1,deformed_r12_large,single_green_k167,2
umbrella,1,0.849,YOLO26,16.265833377838135,1,deformed_r12_large,single_blue_k167,2
person,1,0.779,YOLO26,16.265833377838135,1,deformed_r12_large,single_blue_k167,2
person,1,0.771,YOLO26,16.265833377838135,1,deformed_r12_large,lychrel_196,2
umbrella,1,0.695,YOLO26,16.265833377838135,1,deformed_r12_large,lychrel_196,2
umbrella,1,0.87,YOLO26,16.265833377838135,1,deformed_r12_large,lychrel_295,2
person,1,0.786,YOLO26,16.265833377838135,1,deformed_r12_large,lychrel_295,2
umbrella,1,0.92,YOLO26,16.265833377838135,1,deformed_r12_large,lychrel_394,2
person,1,0.787,YOLO26,16.265833377838135,1,deformed_r12_large,lychrel_394,2
umbrella,1,0.92,YOLO26,16.265833377838135,1,deformed_r12_large,lychrel_493,2
person,1,0.787,YOLO26,16.265833377838135,1,deformed_r12_large,lychrel_493,2
umbrella,1,0.87,YOLO26,16.265833377838135,1,deformed_r12_large,lychrel_592,2
person,1,0.786,YOLO26,16.265833377838135,1,deformed_r12_large,lychrel_592,2
umbrella,1,0.846,YOLO26,16.265833377838135,1,deformed_r12_large,lychrel_689,2
person,1,0.77,YOLO26,16.265833377838135,1,deformed_r12_large,lychrel_689,2
person,1,0.711,YOLO26,16.265833377838135,1,deformed_r12_large,lychrel_788,1
person,1,0.711,YOLO26,16.265833377838135,1,deformed_r12_large,lychrel_887,1
umbrella,1,0.921,YOLO26,16.265833377838135,1,deformed_r12_large,lychrel_1997,2
person,1,0.774,YOLO26,16.265833377838135,1,deformed_r12_large,lychrel_1997,2
umbrella,1,0.869,YOLO26,16.265833377838135,1,deformed_r12_large,lychrel_2998,2
person,1,0.746,YOLO26,16.265833377838135,1,deformed_r12_large,lychrel_2998,2
person,1,0.736,YOLO26,16.265833377838135,1,deformed_r12_large,stripes_h_13px,1
person,1,0.875,YOLO26,16.265833377838135,1,deformed_r12_large,stripes_d_13px,1
person,2,0.903,YOLO26,16.265833377838135,2,deformed_r12_large,stripes_h_32px,2
person,1,0.564,YOLO26,16.265833377838135,1,deformed_r12_large,stripes_v_13px,1
person,1,0.716,YOLO26,16.265833377838135,1,deformed_r12_large,composite_167_208,1
umbrella,1,0.83,YOLO26,16.265833377838135,1,deformed_r12_large,composite_167_inv196,2
person,1,0.829,YOLO26,16.265833377838135,1,deformed_r12_large,composite_167_inv196,2
umbrella,1,0.861,YOLO26,16.265833377838135,1,deformed_r12_large,random_noise,2
person,1,0.783,YOLO26,16.265833377838135,1,deformed_r12_large,random_noise,2
person,1,0.869,YOLO26,16.265833377838135,1,deformed_r12_large,uniform_gray,1
